ID,Place_ID,Name,Rating,UserRatingsTotal,Type,PriceLevel,Lat,Lng,Address
1,ChIJIW0uPRUPAWAR6eI6dRzKGns,Fushimi Inari Taisha,4.6,83344,Place Of Worship,,34.9676945,135.7791876,"68 Fukakusa Yabunouchicho, Fushimi Ward, Kyoto, 612-0882, Japan"
2,ChIJTar7hQQGAWAREHkXsNkt7tM,To-ji Temple,4.5,18348,Place Of Worship,,34.9803395,135.7476935,"1 Kujocho, Minami Ward, Kyoto, 601-8473, Japan"
3,ChIJB_vchdMIAWARujTEUIZlr2I,Kiyomizu-dera,4.6,65067,Place Of Worship,,34.9946662,135.784661,"1 Chome-294 Kiyomizu, Higashiyama Ward, Kyoto, 605-0862, Japan"
4,ChIJC5srCtQHAWARLy9qkFmHaxA,Nijō Castle,4.4,40134,Tourist Attraction,,35.0140379,135.7484258,"541 Nijojocho, Nakagyo Ward, Kyoto, 604-8301, Japan"
5,ChIJvUbrwCCoAWARX2QiHCsn5A4,Kinkaku-ji,4.5,64248,Place Of Worship,,35.03937,135.7292431,"1 Kinkakujicho, Kita Ward, Kyoto, 603-8361, Japan"
6,ChIJ4W9CCwUJAWARyauI6BzKiiU,Ginkaku-ji,4.5,16279,Place Of Worship,,35.0270213,135.7982058,"2 Ginkakujicho, Sakyo Ward, Kyoto, 606-8402, Japan"
7,ChIJp7ocMCqoAWARQoXXRj4Xq-E,Ryōan-ji,4.5,10623,Place Of Worship,,35.0344943,135.7182634,"13 Ryoanji Goryonoshitacho, Ukyo Ward, Kyoto, 616-8001, Japan"
8,ChIJJ3srJMEIAWARUrvFhhmPYH4,Kennin-ji Temple,4.5,8952,Place Of Worship,,35.0000363,135.7735632,"Japan, 〒605-0811 Kyoto, Higashiyama Ward, Komatsucho, ５８４番地"
9,ChIJqyva4AwRAWARpAf6j5MUhGA,Byōdo-in Temple,4.5,20985,Place Of Worship,,34.8892908,135.8076783,"Renge-116 Uji, Kyoto 611-0021, Japan"
10,ChIJTQ1m18cJAWAR4qoAaylinnI,Shugakuin Imperial Villa,4.5,1379,Park,,35.0537568,135.8003498,"1-5 Shugakuin Yabusoe, Sakyo Ward, Kyoto, 606-8052, Japan"
11,ChIJBemVXAAJAWARhkbj_PO6IHw,Kyoto Imperial Palace,4.5,1080,Point Of Interest,,35.0240977,135.7621436,"内 Kyotogyoen, Kamigyo Ward, Kyoto, 602-0811, Japan"
12,ChIJjch8GOUIAWART0WX2JLZvnU,Heian-jingū Shrine,4.4,15218,Place Of Worship,,35.0159823,135.7824263,"97 Okazaki Nishitennocho, Sakyo Ward, Kyoto, 606-8341, Japan"
13,ChIJrYtcv-urAWAR3XzWvXv8n_s,Arashiyama Bamboo Forest,4.3,19638,Park,,35.0168187,135.6713013,"Sagaogurayama Tabuchiyamacho, Ukyo Ward, Kyoto, 616-8394, Japan"
14,ChIJC6tdCvcJAWARcZNbv5hCQuk,Kyoto Samurai,5.0,426,Tourist Attraction,,35.0071037,135.7671558,"438-1 Sakuranocho, Nakagyo Ward, Kyoto, 604-8035, Japan"
15,ChIJi9uor3kIAWARb0XT6ZQYB7U,Kyoto Prefectural Office - Former Main Building,4.1,553,Tourist Attraction,,35.020706,135.7556047,"薮ノ内町, Kamigyo Ward, Kyoto, 602-8570, Japan"
16,ChIJDVAFLmUIAWARIvgmANTTmrs,Kyoto Sento Imperial Palace,4.4,1507,Tourist Attraction,,35.0223399,135.7651343,"Kyotogyoen, Kamigyo Ward, Kyoto, 602-0881, Japan"
17,ChIJUT3bFPsHAWARNJupok-6gGI,Ruins of Tenshukaku (Tower Keep),4.5,87,Point Of Interest,,35.013506,135.7469372,"Japan, 〒604-8301 Kyoto, Nakagyo Ward, Nijojocho, 米蔵"
18,ChIJ1e95GRsIAWARxYokwoFuups,Kyoto Botanical Gardens,4.4,7040,Park,,35.0486172,135.7630378,"Shimogamo Hangicho, Sakyo Ward, Kyoto, 606-0823, Japan"
19,ChIJh1Gu838HAWARQ7d7NyfdG-o,Ninna-ji Temple,4.4,7415,Place Of Worship,,35.03109370000001,135.7138198,"33 Omuroouchi, Ukyo Ward, Kyoto, 616-8092, Japan"
20,ChIJ_fuXcyEJAWARTQDnx6Q5szg,Nanzen-ji,4.5,11881,Place Of Worship,,35.0114138,135.7944841,"86 Nanzenji Fukuchicho, Sakyo Ward, Kyoto, 606-8435, Japan"
21,ChIJs4Cbj8oIAWARiBZl2-sBK6o,Sanjūsangendō Temple,4.6,15957,Place Of Worship,,34.9878845,135.7717126,"657 Sanjusangendomawari, Higashiyama Ward, Kyoto, 605-0941, Japan"
22,ChIJ2bRFGtUHAWARTa_El2j7Chg,Ninomaru-goten Palace,4.5,2739,Tourist Attraction,,35.0133402,135.7501834,"Japan, 〒604-8301 Kyoto, Nakagyo Ward, Nijojocho, 541番地"
23,ChIJM3V7rDEHAWAR1bBbYdXO7K4,Saihōji (Kokedera) Temple,4.5,1808,Place Of Worship,,34.9921777,135.6837103,"56 Matsuojingatanicho, Nishikyo Ward, Kyoto, 615-8286, Japan"
24,ChIJRwHef9MIAWARicf0S994itQ,Otowa-no-taki Falls,4.3,723,Tourist Attraction,,34.9944261,135.7852489,"1 Chome-294 Kiyomizu, Higashiyama Ward, Kyoto, 605-0862, Japan"
25,ChIJc-ER9pIIAWARSYOriOksyWE,Kimono Tea Ceremony MAIKOYA Nishiki,4.9,5057,Cafe,,35.0076598,135.7663712,"329 Ebiyachō, Gokomachi-dori Sanjo sagaru, 329 Ebiyacho, Nakagyo Ward, Kyoto, 604-8076, Japan"
26,ChIJMyzNoxsKAWARlcl_aAD9XZA,Enryaku-ji Temple,4.4,8965,Place Of Worship,,35.0704634,135.8411275,"4220 Sakamotohonmachi, Otsu, Shiga 520-0116, Japan"
27,ChIJj3jXm8YJAWARclkkYm_RXWI,KYOTO SAMURAI WALK,5.0,80,Tourist Attraction,,35.0088271,135.7709448,"Japan, 〒604-8004 Kyoto, Nakagyo Ward, Nakajimacho, 105 タカセビル 5Ｆ"
28,ChIJP2DblBgJAWARAgLlF0vWT6o,Pontocho Alley,4.4,381,Point Of Interest,,35.0039339,135.7710439,"Nakagyo Ward, Kyoto, 604-8014, Japan"
29,ChIJq6raGX0IAWARydMTs2A7TfA,Remains of the Kan-in-no-miya Residence,4.4,331,Museum,,35.0180806,135.7602477,"Japan, 〒602-0881 Kyoto, Kamigyo Ward, Kyotogyoen, 3 国民公園協会京都御苑"
30,ChIJq9zeJaMJAWARdZn9NuuvUxo,Kyoto Tower Building,4.2,5234,Tourist Attraction,,34.987658,135.7594279,"721-1 Higashishiokojicho, Shimogyo Ward, Kyoto, 600-8216, Japan"
31,ChIJZeR4B-gIAWARqmVdKo1OZBg,Tomb of Akechi Mitsuhide,4.0,304,Tourist Attraction,,35.0082539,135.7805929,"474-23 Umemiyacho, Higashiyama Ward, Kyoto, 605-0061, Japan"
32,ChIJD-sEdQAJAWAR7bgyLhBgP7U,Kyoto Downtown Intersection (Shijo-Kawaramachi),4.6,27,Tourist Attraction,,35.0037958,135.7693147,"Shijo-dori, Shincho, Shimogyo Ward, Kyoto, 600-8001, Japan"
33,ChIJIWCiKGUIAWARJb-YTLBVw3k,Shishin-den (Ceremonial Palace),4.6,107,Tourist Attraction,,35.0241795,135.7621473,"Japan, 〒602-0881 Kyoto, Kamigyo Ward, Kyotogyoen, 3 京都御所"
34,ChIJL5LSDi8JAWARERju7ylzb5w,Mount Daimonji,4.6,171,Park,,35.0196263,135.8116922,"Japan, 〒606-8442 Kyoto, Sakyo Ward, Shishigatani Daikokudanicho, 大文字山"
35,ChIJ80VYfAAJAWARjJcJzs8clu8,Site of Former Honnō-ji Temple,4.0,66,Point Of Interest,,35.005896,135.7536883,"Japan, 〒604-8237 Kyoto, Nakagyo Ward, Yamadacho, 513"
36,ChIJ-3VidwAJAWARTblqPEwW6To,Site of Sakamoto Ryoma and Nakaoka Shintaro’s Assassination (Site of Omi-ya Inn),4.5,45,Point Of Interest,,35.0056162,135.7690735,"Japan, 〒604-8027 Kyoto, Nakagyo Ward, Shioyacho, 330"
37,ChIJXZeF2jipAWARNbF8pJDRjFc,Kyōko-chi Pond,4.8,56,Park,,35.0390602,135.7282881,"Japan, 〒603-8361 Kyoto, Kita Ward, Kinkakujicho, 1 枯山水"
38,ChIJuWv2U8MIAWARZlIgvRI4cE0,Gion Weeping Cherry Tree,4.5,259,Park,,35.0036166,135.7803304,"623 Gionmachi Kitagawa, Higashiyama Ward, Kyoto, 605-0073, Japan"
39,ChIJp7NmTHcHAWAR27Zp0ZIwLgM,Ninomaru Garden,4.5,69,Park,,35.0134956,135.7492524,"Japan, 〒604-8301 Kyoto, Nakagyo Ward, Nijojocho, 541"
40,ChIJq6pWsmIIAWARqY-2rSecNHA,Shūsui-tei Teahouse,4.4,160,Park,,35.0177595,135.7617429,"3 Kyotogyoen, Kamigyo Ward, Kyoto, 602-0881, Japan"
41,ChIJaQApBsQIAWAR6WFyzy-h3ZQ,Mausoleum of Emperor Sutoku,4.2,86,Tourist Attraction,,35.0013895,135.7763796,"Gionmachi Minamigawa, Higashiyama Ward, Kyoto, 605-0074, Japan"
42,ChIJJ2Y1g5IIAWARKli7pvsIYaA,Former site of Choshu clan office,4.0,27,Tourist Attraction,,35.0114328,135.769273,"Ichinofunairicho, Nakagyo Ward, Kyoto, 604-0924, Japan"
43,ChIJ5TdqSwAJAWAR5wzwAyX2J9c,Site of Murasaki Shikibu’s Residence,4.6,16,Point Of Interest,,35.0244263,135.7676693,"680-1 Somedonocho, Kamigyo Ward, Kyoto, 602-0844, Japan"
44,ChIJQzAtNq0JAWARYiGheoKc8yg,"""Sawai"" Kyoto Traditional Tea House & Machiya Tour - Gion Heritage Experience 京都祇園茶屋見学 ""澤食""",5.0,1,Point Of Interest,,34.9993217,135.7705235,"4 Chome-322-1 Miyagawasuji, Higashiyama Ward, Kyoto, 605-0801, Japan"
45,ChIJK8qdz5QIAWARv0A52qZFVX8,土佐藩邸跡,4.2,56,Tourist Attraction,,35.0061784,135.7705121,"Japan, 〒604-8016 Kyoto, Nakagyo Ward, 木屋町通"
46,ChIJfxONxYUIAWARcdZzyOE0pik,"Karasuma Oike Site, Heian-kyo Site",4.1,18,Tourist Attraction,,35.0109844,135.7599748,"Nakahoricho, Nakagyo Ward, Kyoto, 604-0844, Japan"
47,ChIJTwx4M9sIAWARAoGFgxQPPBk,Site of Taigado,4.3,6,Tourist Attraction,,35.0021073,135.7807803,"Washiocho, Higashiyama Ward, Kyoto, 605-0072, Japan"
48,ChIJwX2QIBcJAWARBalRxFUCtFM,Site of Kyoto New Castle,3.7,15,Point Of Interest,,35.0214582,135.7643468,"Japan, 〒602-0881 Kyoto, Kamigyo Ward, Higashisakuracho, ５５"
49,ChIJp2tfbZIIAWARYlt26AYLE5Y,本能寺 大寶殿宝物館,4.2,126,Museum,,35.0103344,135.7675848,"Japan, 〒604-8091 Kyoto, Nakagyo Ward, Shimohonnojimaecho, 522"
50,ChIJnTMAQZcHAWARE9wQeAM_HzA,Higashi Ote-mon (Grand East Gate),4.4,94,Point Of Interest,,35.0128701,135.7510565,"Nijojocho, Nakagyo Ward, Kyoto, 604-8301, Japan"
51,ChIJre6zF5MIAWAR3KqwVcx7mcQ,Ikedaya Incident Site,3.8,280,Point Of Interest,,35.0089377,135.7698631,"78 Nakajimacho, Nakagyo Ward, Kyoto, 604-8004, Japan"
52,ChIJf7gR9XsIAWARyENKBKGTg6k,Site of Former Nijō-jō Castle,3.6,40,Tourist Attraction,,35.0198676,135.7579229,"Japan, 〒602-8029 Kyoto, Kamigyo Ward, Bueijincho, 221 室町館"
53,ChIJ_7dbXIAIAWAR1Rp-HnnuGro,Site of Myokenji Castle,3.7,21,Tourist Attraction,,35.0122648,135.7540467,"376 Furushirocho, Nakagyo Ward, Kyoto, 604-0045, Japan"
54,ChIJCwAzNJgJAWARe5A-oh2ngWU,Benkei Stone,4.4,41,Point Of Interest,,35.0086956,135.765893,"Japan, 〒604-8082 Kyoto, Nakagyo Ward, Benkeiishicho, ３９"
55,ChIJ7wKLka4IAWARCByidG5EGrY,Kyoto Station,4.3,8513,Transit Station,,34.985849,135.7587667,"Higashishiokoji Kamadonocho, Shimogyo Ward, Kyoto, Japan"
56,ChIJR1BJjGMIAWAR_Qd4M9OY1i8,Kyoto Omiya Imperial Palace,4.1,75,Point Of Interest,,35.0225854,135.7649269,"Kamigyo Ward, Kyoto, 602-0881, Japan"
57,ChIJKysufIsJAWARYRdjhvB2lWA,Takase River,4.8,65,Point Of Interest,,35.0048654,135.7704883,"Shimogyo Ward, Kyoto, 600-8001, Japan"
58,ChIJEYTztG4HAWARpm4kxuFA4ss,Hebizuka Kofun Ancient Tomb,4.0,170,Tourist Attraction,,35.0119133,135.7001677,"Uzumasa Omokagecho, Ukyo Ward, Kyoto, 616-8153, Japan"
59,ChIJSyMXjmIIAWAR2r_Zx989Pp0,Site of Takatsukasa Residence,4.1,10,Tourist Attraction,,35.0186174,135.7633976,"Kyotogyoen, Kamigyo Ward, Kyoto, 602-0881, Japan"
60,ChIJuSE1rXgIAWAREk3YjgeYsCs,Neesima's Residence,4.0,46,University,,35.0186851,135.767672,"Matsukagecho, Kamigyo Ward, Kyoto, 602-0867, Japan"
61,ChIJk54PuAGqAWARwEgz_9o-nM0,Tenryu-ji,4.4,15640,Place Of Worship,,35.0158379,135.6737654,"Japan, 〒616-8385 Kyoto, Ukyo Ward, Sagatenryuji Susukinobabacho, ６８"
62,ChIJo-IUU6cIAWARlNzNlaos5PQ,Nishi Hongan-ji Temple,4.4,5601,Place Of Worship,,34.99177700000001,135.7516549,"Japan, 〒600-8501 Kyoto, Shimogyo Ward, Honganji Monzencho"
63,ChIJj-9V6PgHAWARobrWGXEGn58,Daitoku-ji Temple,4.3,2827,Place Of Worship,,35.043891,135.74603,"53 Murasakino Daitokujicho, Kita Ward, Kyoto, 603-8231, Japan"
64,ChIJuYNCQdwIAWARfPnq0Ktzk2A,Chionin Temple,4.5,7554,Place Of Worship,,35.0051988,135.7833827,"400 Rinkacho, Higashiyama Ward, Kyoto, 605-8686, Japan"
65,ChIJaZTeEpsHAWARJvRwipDlRQo,Myōshin-ji Temple,4.4,2595,Place Of Worship,,35.02301360000001,135.7198195,"1 Hanazonomyoshinjicho, Ukyo Ward, Kyoto, 616-8035, Japan"
66,ChIJOep9dT2qAWARHP2_vqhY5Tg,Adashino Nenbutsuji Temple,4.3,1964,Place Of Worship,,35.0267946,135.6645532,"Japan, 〒616-8436 Kyoto, Ukyo Ward, Sagatoriimoto Adashinocho, １７−17番地"
67,ChIJ2fScokwwVTURue_s87ovULA,Manpuku-ji,4.4,1952,Place Of Worship,,34.9137675,135.8058509,"Japan, 〒611-0011 Kyoto, Uji, Gokasho, Sanbanwari−３４"
68,ChIJqewQoHkIAWAR6RokWp3Iesc,Yasaka-jinja Shrine,4.4,31067,Place Of Worship,,35.0036559,135.7785534,"625 Gionmachi Kitagawa, Higashiyama Ward, Kyoto, 605-0073, Japan"
69,ChIJf438RkAIAWARzM3lfzI7uAM,Shimogamo Shrine,4.5,14173,Place Of Worship,,35.0389778,135.7730068,"Japan, 〒606-0807 Kyoto, Sakyo Ward, Shimogamo Izumikawacho, ５９"
70,ChIJN1kOxgoPAWAREMf_r8q5apk,Fujinomori Shrine,4.2,2559,Place Of Worship,,34.9513617,135.7717092,"609 Fukakusa Toriizakicho, Fushimi Ward, Kyoto, 612-0864, Japan"
71,ChIJ2XYZP5QIAWARMTCC19cXwjA,Nishiki Tenmangu Shrine,4.3,4284,Place Of Worship,,35.0050475,135.7672983,"537 Nakanocho, Nakagyo Ward, Kyoto, 604-8042, Japan"
72,ChIJq-zt_RoGAWARQuNSJj3VAdM,Rokusonnō Shrine,4.1,730,Place Of Worship,,34.9846128,135.7450338,"509 Hachijocho, Minami Ward, Kyoto, 601-8471, Japan"
73,ChIJAQDkzpUIAWARkEnmWNWIDp4,Yasaka-jinja Shrine Otabisho,4.1,166,Place Of Worship,,35.0035982,135.7671114,"Teianmaenocho, Shimogyo Ward, Kyoto, 600-8031, Japan"
74,ChIJA4Pi1_gIAWARjoS9UxmAvsI,Yoshida Shrine,4.3,1843,Place Of Worship,,35.0252843,135.784702,"30 Yoshidakaguraokacho, Sakyo Ward, Kyoto, 606-8311, Japan"
75,ChIJceHc0AmoAWARLsqeCrglA1o,Kamigamo Shrine,4.5,8314,Place Of Worship,,35.0603776,135.7527293,"339 Kamigamo Motoyama, Kita Ward, Kyoto, 603-8047, Japan"
76,ChIJPYsCiCwGAWARL_9Mn21hDb8,Takenobu Inari-jinja Shrine,4.1,318,Place Of Worship,,35.0075747,135.7466018,"Japan, 〒604-8801 Kyoto, Nakagyo Ward, Imashinzaikenishicho, ３８"
77,ChIJw6twrXsIAWARBOOJZKNt64M,Go-ō Shrine,4.3,3769,Place Of Worship,,35.0222174,135.7588455,"Japan, 〒602-8011 Kyoto, Kamigyo Ward, Okakuencho, 385"
78,ChIJJzgo5iUJAWAR3ZZo6XwH72Y,Himukai Dai Shrine,4.4,939,Place Of Worship,,35.006749,135.7953638,"29 Hinookaissaikyodanicho, Yamashina Ward, Kyoto, 607-8491, Japan"
79,ChIJGVfGHEgHAWARtUso5b52ScU,Matsunoo-taisha (Matsuo-taisha) Shrine,4.3,4246,Place Of Worship,,34.9999247,135.6849591,"Japan, 〒616-0024 Kyoto, Nishikyo Ward, Arashiyama Miyamachi, ３"
80,ChIJAWwhhZkIAWARlNmEvYx48oM,Kyōto Ebisu-jinja Shrine,4.3,1796,Place Of Worship,,34.999848,135.7717286,"Japan, 〒605-0811 Kyoto, Higashiyama Ward, Komatsucho, 125 恵美須神社"
81,ChIJ5yMp2acIAWARoPnPbdoyVyI,Dōso-jinja Shrine,3.9,131,Place Of Worship,,34.9868456,135.7536706,"Japan, 〒600-8234 Kyoto, Shimogyo Ward, Minamifudodocho, 5-4 道祖神社"
82,ChIJUXmPed8HAWAR0BFoGpHqivI,Seimei Shrine,4.4,7730,Place Of Worship,,35.02776,135.7511802,"806 Seimeicho, Kamigyo Ward, Kyoto, 602-8222, Japan"
83,ChIJeejhqvEIAWAR78zttk51xkw,Kumano-jinja Shrine,4.0,743,Place Of Worship,,35.0176595,135.7780607,"43 Shogoin Sannocho, Sakyo Ward, Kyoto, 606-8392, Japan"
84,ChIJ09DpahkJAWARkpnLPqBCPZ4,Ōtoyo Shrine,4.3,1327,Place Of Worship,,35.018174,135.7964305,"Japan, 〒606-8424 Kyoto, Sakyo Ward, Shishigatani Miyanomaecho, １"
85,ChIJEWUkTboIAWARZrMMK3_zuaE,Ichihime-jinja Shrine,4.1,1219,Place Of Worship,,34.9939859,135.764728,"Japan, 〒600-8119 Kyoto, Shimogyo Ward, Motoshiogamacho"
86,ChIJifEeFpQPAWARxVZ6ds_i080,Gokōnomiya Shrine,4.2,2043,Place Of Worship,,34.9344779,135.7674878,"174 Gokogumonzencho, Fushimi Ward, Kyoto, 612-8039, Japan"
87,ChIJrZ8NkJJIAWARwRVgbKoRx2I,Tōfuku-ji Temple,4.5,10709,Place Of Worship,,34.976025,135.7737627,"15 Chome-778 Honmachi, Higashiyama Ward, Kyoto, 605-0981, Japan"
88,ChIJoTPG1jIPAWAR9cZpjLy2MQ8,Imahie-jingū Shrine,4.0,281,Place Of Worship,,34.9888652,135.7781138,"451-1 Myohoin Maekawacho, Higashiyama Ward, Kyoto, 605-0932, Japan"
89,ChIJu2i3mhgJAWARW3YGzjr3ErQ,Kumano Nyakuōji Shrine,4.1,695,Place Of Worship,,35.01564700000001,135.7963131,"2 Nyakuojicho, Sakyo Ward, Kyoto, 606-8444, Japan"
90,ChIJSfVT54wHAWAR2yBLWbHLplE,Hirano Shrine,4.2,3063,Place Of Worship,,35.0325953,135.7319823,"Japan, 〒603-8322 Kyoto, Kita Ward, Hirano Miyamotocho, １"
91,ChIJAQDbmI8IAWARhHXCPj_adkQ,Gosho Hachiman-gū Shrine,3.8,104,Place Of Worship,,35.0105058,135.7626408,"596-596 Kikkoyacho, Nakagyo Ward, Kyoto, 604-8105, Japan"
92,ChIJoyPwQy4GAWAR21VeYr6YJ-Y,Motogion Nagi Shrine,4.1,478,Place Of Worship,,35.0033765,135.7440809,"18-2 Mibunaginomiyacho, Nakagyo Ward, Kyoto, 604-8821, Japan"
93,ChIJX8ihCsAHAWARUkJazK2itGk,Suika Tenmangu Shrine,4.0,462,Place Of Worship,,35.0362863,135.7518906,"Japan, 〒602-0071 Kyoto, Kamigyo Ward, Ogicho, 722-10"
94,ChIJuWCL-54IAWARkhrw4AbgonE,Gojō Tenshingū Shrine (Tenshi no Miya),3.9,167,Place Of Worship,,34.9986734,135.7549476,"351-2 Tenjinmaecho, Shimogyo Ward, Kyoto, 600-8459, Japan"
95,ChIJbeDwe-0HAWARGu4ubMH-Jls,Kitano Tenmangu Shrine,4.4,15873,Place Of Worship,,35.0311737,135.7351227,"Bakurocho, Kamigyo Ward, Kyoto, 602-8386, Japan"
96,ChIJ58vp0WoGAWARb5YzLjJne4A,Nyakuichi Shrine,4.3,374,Place Of Worship,,34.9844243,135.7329746,"98 Shichijo Goshonouchi Honmachi, Shimogyo Ward, Kyoto, 600-8863, Japan"
97,ChIJVVUYY3wIAWARxSL331NDG4I,Sugawara-in Tenmangu Shrine,4.1,687,Place Of Worship,,35.0195615,135.7590858,"Japan, 〒602-8021 Kyoto, Kamigyo Ward, Horimatsucho, 406"
98,ChIJI5WmghIIAWARGUmnXY9fDcA,Kamigoryō Shrine,4.2,882,Place Of Worship,,35.0364975,135.7616699,"495番地 Kamigoryotatemachi, Kamigyo Ward, Kyoto, 602-0896, Japan"
99,ChIJtanl4zkHAWARqnL8vQqsR5w,Tsukiyomi Shrine,4.1,525,Place Of Worship,,34.9965259,135.6860716,"15 Matsumuroyamazoecho, Nishikyo Ward, Kyoto, 615-8296, Japan"
100,ChIJEwrxHIsHAWARg67_86NKo-s,Shikichi Shrine (Wara Tenjingu),4.0,1071,Place Of Worship,,35.0362787,135.7315434,"Japan, 〒603-8375 Kyoto, Kita Ward, Kinugasa Tenjinmoricho, 10 神社本庁敷地神社"
101,ChIJx_PeeN4IAWAR2_K3-tPME68,Awata Shrine,4.2,820,Place Of Worship,,35.0082907,135.7854272,"1 Awadaguchi Kajicho, Higashiyama Ward, Kyoto, 605-0051, Japan"
102,ChIJKbEz1aITAWARiDEyNwXd9d0,Daishōgun Hachi-jinja Shrine,4.3,968,Place Of Worship,,35.0265752,135.7339639,"Japan, 〒602-8374 Kyoto, Kamigyo Ward, Nishimachi, 48"
103,ChIJK92JKX0IAWARwJOSxNtpnMM,Itsukushima Shrine,4.1,201,Place Of Worship,,35.0181276,135.7620661,"Japan, 〒602-0881 Kyoto, Kamigyo Ward, Kyotogyoen, ６"
104,ChIJ7a-KY-YIAWARd2_h9Y4whr8,Heian-Jingu Shrine Grand Torii,4.4,556,Place Of Worship,,35.0126001,135.7826894,"9 Okazaki Seishojicho, Sakyo Ward, Kyoto, 606-8343, Japan"
105,ChIJ2Sp91xyoAWARuy5EQKrDDAg,Imamiya Shrine,4.3,3444,Place Of Worship,,35.0459513,135.7420479,"21 Murasakino Imamiyacho, Kita Ward, Kyoto, 603-8243, Japan"
106,ChIJu70HthYPAWARiNgEFBlZL90,Fushimi Kandakara Shrine,4.6,676,Place Of Worship,,34.9665384,135.7769538,"15 Fukakusa Sasayamacho, Fushimi Ward, Kyoto, 612-0811, Japan"
107,ChIJ6fEwI5kIAWARnhhOdaZRUQo,Hanjō-jinja Shrine,4.0,131,Place Of Worship,,35.0002815,135.7578206,"308 Hanjocho, Shimogyo Ward, Kyoto, 600-8433, Japan"
108,ChIJGVpMOBQPAWARF96_WA-XIl0,Senbon Torii (Thousand Torii Gates),4.7,12680,Place Of Worship,,34.9670429,135.7746595,"68番地 Fukakusa Yabunouchicho, Fushimi Ward, Kyoto, 612-0882, Japan"
109,ChIJqeJAF-IIAWARU4YU3rm3HcI,Okazaki Shrine,4.3,3767,Place Of Worship,,35.0173191,135.7887901,"Japan, 〒606-8332 Kyoto, Sakyo Ward, Okazaki Higashitennocho, ５１番地"
110,ChIJw3QBuosIAWARMjDpz23tjRs,Shimogoryō Shrine,4.1,477,Place Of Worship,,35.0168289,135.7679111,"Japan, 〒604-0995 Kyoto, Nakagyo Ward, Shimogoryomaecho"
111,ChIJkWH_sqUIAWARWsn28jWc7y0,Higashi Hongan-ji Temple,4.5,12063,Place Of Worship,,34.9909478,135.7584754,"Japan, 〒600-8505 Kyoto, Shimogyo Ward"
112,ChIJOSweVHsIAWAROJtjBZoY63I,Shirakumo Shrine,4.2,205,Place Of Worship,,35.0215099,135.761177,"Kyotogyoen, Kamigyo Ward, Kyoto, 602-0881, Japan"
113,ChIJP7gMl_4IAWARbkV4DJXVoF0,Takenaka Inari Shrine,4.2,145,Place Of Worship,,35.0246818,135.7867673,"3-64 Yoshidakaguraokacho, Sakyo Ward, Kyoto, 606-8311, Japan"
114,ChIJq6p7cUoPAWAR4cB-vzxjo1Y,Takio Shrine,4.0,547,Place Of Worship,,34.9825611,135.7706367,"11 Chome-718 Honmachi, Higashiyama Ward, Kyoto, 605-0981, Japan"
115,ChIJn6LO2-gIAWARJ-wce5raahY,Manzoku Inari-jinja Shrine,4.1,340,Place Of Worship,,35.0107183,135.7784566,"527-1 Higashimonzencho, Sakyo Ward, Kyoto, 606-8345, Japan"
116,ChIJw4xjuicGAWAR42znCUpOsfA,Tendō-jinja Shrine,4.3,65,Place Of Worship,,35.0015003,135.7503828,"Japan, 〒600-8397 Kyoto, Shimogyo Ward, Nishidacho, 615 天道神社 ６１５ 仏"
117,ChIJn6LO2-gIAWARakVJQNhW2Gs,Otatsu Inari-jinja Shrine,3.9,79,Place Of Worship,,35.0175966,135.7816789,"29-1 Shogoin Entomicho, Sakyo Ward, Kyoto, 606-8323, Japan"
118,ChIJK92JKX0IAWARH2-W6dOulBs,Munataka Shrine,4.1,191,Place Of Worship,,35.0189695,135.7612756,"9 Kyotogyoen, Kamigyo Ward, Kyoto, 602-0881, Japan"
119,ChIJER7sD36nAWARjlUZY33PfVo,Miyake Hachimangu Shrine,4.0,357,Place Of Worship,,35.0683458,135.7941042,"22 Kamitakano Miyakecho, Sakyo Ward, Kyoto, 606-0035, Japan"
120,ChIJx93g5I8IAWARL7ntGdH8j4w,The Museum of Kyoto,4.1,5226,Museum,,35.008982,135.7623553,"623-1 Higashikatamachi, Nakagyo Ward, Kyoto, 604-8183, Japan"
121,ChIJU6AVkuYIAWARWKx8NeUp25E,Kyoto City KYOCERA Museum of Art,4.4,6707,Museum,,35.0128613,135.7835544,"124 Okazaki Enshojicho, Sakyo Ward, Kyoto, 606-8344, Japan"
122,ChIJh1qJf4YIAWARTAOFMHrSHvI,Kyoto International Manga Museum,4.2,6261,Museum,,35.0118576,135.7594192,"452 Kinbukicho, Nakagyo Ward, Kyoto, 604-0846, Japan"
123,ChIJ187BbeYIAWARFtc1KdlA0UE,"The National Museum of Modern Art, Kyoto",4.1,3703,Museum,,35.0124077,135.7821571,"26-1 Okazaki Enshojicho, Sakyo Ward, Kyoto, 606-8344, Japan"
124,ChIJu0LaFHYIAWARCl38kEkAwFg,Raku Museum,4.3,472,Museum,,35.0255484,135.7534394,"87-1 Aburahashizumecho, Kamigyo Ward, Kyoto, 602-0923, Japan"
125,ChIJQ8KtRhcGAWAR7XnOmoj6n4k,Kyoto Railway Museum,4.5,18702,Museum,,34.9870986,135.7422732,"Kankijicho, Shimogyo Ward, Kyoto, 600-8835, Japan"
126,ChIJLZRyoJIPAWAR0xnG_CrMzn4,Gekkeikan Ōkura Sake Museum,4.2,4464,Museum,,34.929136,135.76161,"247 Minamihamacho, Fushimi Ward, Kyoto, 612-8660, Japan"
127,ChIJnaqbvYEIAWARR68w6QipVSQ,Kyoto Shibori Museum,4.7,256,Museum,,35.0101022,135.7537074,"Japan, 〒604-8261 Kyoto, Nakagyo Ward, Shikiamicho, 135−5"
128,ChIJlw9RTjUJAWARdy4b2T6Zt-M,SAMURAI NINJA MUSEUM Kyoto,4.8,18156,Amusement Park,,35.0072167,135.7635673,"109 Horinouecho, Nakagyo Ward, Kyoto, 604-8117, Japan"
129,ChIJERU18uUIAWARYWoWdRc7hJs,Kyoto Museum of Crafts and Design,4.2,691,Museum,,35.0132124,135.7812074,"Japan, 〒606-8343 Kyoto, Sakyo Ward, Okazaki Seishojicho, 9-1 B1F みやこめっせ"
130,ChIJ_Xa5mC8GAWARnocB6CJ0VdQ,Kyoto Seishu Netsuke Art Museum,4.6,184,Museum,,35.0014124,135.744645,"46-1 Mibukayogoshocho, Nakagyo Ward, Kyoto, 604-8811, Japan"
131,ChIJcan9iI8IAWAR5s3SC2TRd8I,Kaleidoscope Museum of Kyoto,4.2,492,Museum,,35.0096902,135.7616259,"706-3 Dongein Maecho, Nakagyo Ward, Kyoto, 604-8184, Japan"
132,ChIJNeQ1_oQIAWAR9ODgx9kaRy8,Gallery of Kyoto Traditional Arts & Crafts,4.1,130,Museum,,35.009024,135.7594568,"Japan, 〒604-8172 Kyoto, Nakagyo Ward, Banocho, 606"
133,ChIJqbzfzcMIAWAR7dpb2Rm_v3U,Japan Kanji Museum & Library,4.1,1646,Museum,,35.0035909,135.7766353,"551 Gionmachi Minamigawa, Higashiyama Ward, Kyoto, 605-0074, Japan"
134,ChIJH-KJxSIGAWAR4SDSyr56oCQ,Sumiya Cultural Art Museum,4.3,213,Museum,,34.9923011,135.7432211,"32 Nishishinyashiki Ageyacho, Shimogyo Ward, Kyoto, 600-8828, Japan"
135,ChIJRyu3DgKqAWARYF9HOUA_b0w,The Kyoto Arashiyama Orgel Museum,4.2,855,Museum,,35.0186377,135.6761339,"Japan, 〒616-8375 Kyoto, Ukyo Ward, 立石町1−38 嵯峨嵐山天竜寺"
136,ChIJKRpFOpoIAWAR6Hogd9JuLDU,Museum EKI Kyoto,4.2,514,Museum,,34.9857171,135.7579427,"Japan, 〒600-8555 Kyoto, Shimogyo Ward, Higashishiokojicho, ジェイアール京都伊勢丹 7階隣接"
137,ChIJpyJryqAIAWARNobBwZJuB_M,Ryukoku Museum,4.1,811,Museum,,34.9910575,135.7533137,"Japan, 〒600-8399 Kyoto, Shimogyo Ward, Maruyacho, 117 西本願寺前"
138,ChIJcXtUYMEIAWARiH98onQLTz0,Hosomi Museum,4.0,1002,Museum,,35.0138617,135.7796699,"Japan, 〒606-8342 Kyoto, Sakyo Ward, Okazaki Saishojicho, 6-3 細見美術館 3F"
139,ChIJfwxa4v-pAWARQ-R4_cVAgAc,Fukuda Art Museum,4.3,1178,Museum,,35.0138045,135.6764169,"3-16 Sagatenryuji Susukinobabacho, Ukyo Ward, Kyoto, 616-8385, Japan"
140,ChIJVRXuPhwIAWARnygrbMaZeSI,Garden of Fine Arts Kyoto,4.3,860,Park,,35.0506555,135.7654428,"Shimogamo Hangicho, Sakyo Ward, Kyoto, 606-0823, Japan"
141,ChIJ-6DYbW0IAWARqu9BhL66nek,Shokoku-ji Jotenkaku Museum,4.3,631,Museum,,35.0336285,135.7626563,"Japan, 〒602-0898 Kyoto, Kamigyo Ward, Sokokuji Monzencho, 701 相国寺承天閣美術館 相国寺内"
142,ChIJU6k-a4kHAWARaa8RL-Df3TE,"Kyoto Museum for World Peace, Ritsumeikan University",4.2,229,Museum,,35.03365,135.727343,"56-1 Tojiin Kitamachi, Kita Ward, Kyoto, 603-8355, Japan"
143,ChIJQ45_I8oIAWARlpPPlCMOnbs,"Heisei Chishinkan Wing, Kyoto National Museum",4.3,701,Museum,,34.9905979,135.7726703,"527 Chayacho, Higashiyama Ward, Kyoto, 605-0931, Japan"
144,ChIJt1kBRcoIAWAR00msugECEYw,Kyoto National Museum,4.3,7860,Museum,,34.9899887,135.773116,"527 Chayacho, Higashiyama Ward, Kyoto, 605-0931, Japan"
145,ChIJRXPLX6AIAWARz5Oj6_QbvDw,Costume Museum,3.8,184,Museum,,34.9929506,135.7532415,"Japan, 〒600-8468 Kyoto, Shimogyo Ward, Hanayacho, 下る 井筒佐女牛ビル 5階 新"
146,ChIJPQo3pCFSAGARoF7B58EBmi4,Kiyomizu Sannenzaka Museum,4.3,351,Museum,,34.9974107,135.7813122,"3 Chome-337-1 Kiyomizu, Higashiyama Ward, Kyoto, 605-0862, Japan"
147,ChIJ49PvUVQHAWARTAF7WU_Wqqs,Arashiyama,4.5,6802,Tourist Attraction,,35.009449,135.666773,"Ukyo Ward, Kyoto, Japan"
148,ChIJd9pWqK8IAWAR1L-X_-4WKew,Nidec Kyoto Tower,4.2,17065,Store,,34.9875205,135.7592518,"Japan, 〒600-8216 Kyoto, Shimogyo Ward, Higashishiokojicho, 721-1 ニデック京都タワー 展望室 ３階"
149,ChIJjV8_15QIAWARWVbteIqy5T8,Kiyamachi Dori,4.4,226,Tourist Attraction,,35.0057719,135.7705376,"Nakagyo Ward, Kyoto, 604-8016, Japan"
150,ChIJHV-OFHsIAWARVQlhBBl6ix8,Kyoto Gyoen National Garden,4.5,9231,Park,,35.0230617,135.7634452,"3 Kyotogyoen, Kamigyo Ward, Kyoto, 602-0881, Japan"
151,ChIJvUn7bqsAAWARsjQHQ7CTNBs,Arashiyama Monkey Park Iwatayama,4.5,13329,Zoo,,35.011395,135.6766245,"Japan, 〒616-0004 Kyoto, Nishikyo Ward, Arashiyama Nakaoshitacho, ６１−61"
152,ChIJ83xvU_cGAWAReHBFa6lh5Uk,Katsura Imperial Villa,4.5,2363,Park,,34.983991,135.709572,"Katsuramisono, Nishikyo Ward, Kyoto, 615-8014, Japan"
153,ChIJH9Oe6K4IAWARff0fUcPmRDo,Muromachi-koji Square,4.2,30,Tourist Attraction,,34.9858556,135.7587624,"Higashishiokojicho, Shimogyo Ward, Kyoto, 600-8216, Japan"
154,ChIJT8uMzZwIAWARnGzsARCjnrY,Nishiki Market,4.3,48678,Tourist Attraction,,35.0050258,135.764723,"Nakagyo Ward, Kyoto, 604-8055, Japan"
155,ChIJbZ1kX64IAWARukKnIGuFdIc,Kyoto Station Skyway,4.4,621,Tourist Attraction,,34.9861083,135.7592254,"Higashishiokojicho, Shimogyo Ward, Kyoto, 600-8216, Japan"
156,ChIJ7bffouwIAWARl3soDQKzENQ,The Flower Corridor,4.5,30,Tourist Attraction,,35.0089781,135.7721,"Ohashicho, Higashiyama Ward, Kyoto, 605-0009, Japan"
157,ChIJr_gZonkIAWARB1xyACZNUKM,Sannenzaka,4.4,15714,Tourist Attraction,,34.9966644,135.781008,"2 Chome-211 Kiyomizu, Higashiyama Ward, Kyoto, 605-0862, Japan"
158,ChIJ6fUyMZQIAWAR4tOOD7AkWJw,Kyoto Shinkyogoku Shopping Street,4.3,1144,Shopping Mall,,35.0071037,135.7671558,"Japan, 〒604-8035 Kyoto, Nakagyo Ward, Sakuranocho, 438-1 2F"
159,ChIJgwcRU9MJAWARnr7ca_WKerE,Kotochika Square,4.6,5,Tourist Attraction,,34.9864751,135.7600027,"Japan, 〒600-8216 Kyoto, Shimogyo Ward, Higashishiokojicho, コトチカ広場"
160,ChIJvRxSVcUIAWARbX2-2LxXsc0,Ichinenzaka Hill,4.3,89,Tourist Attraction,,34.999034,135.7805199,"Masuyacho, Higashiyama Ward, Kyoto, 605-0826, Japan"
161,ChIJR0qHSywJAWARQUCLVaNWt6k,Asahi-zaka,4.1,7,Tourist Attraction,,34.9955852,135.7819446,"1 Chome-262-3 Kiyomizu, Higashiyama Ward, Kyoto, 605-0862, Japan"
162,ChIJm9PhbsMIAWARWCrI-B1uMak,"God water (Rikisui) ""The Seven Wonders of Yasaka Shrine""",4.5,54,Tourist Attraction,,35.0034444,135.7790083,"Gionmachi Kitagawa, Higashiyama Ward, Kyoto, 605-0073, Japan"
163,ChIJG40a264IAWARseTR0ErSLEc,Kyoto Station Daikaidan (Great Staircase),4.5,421,Tourist Attraction,,34.9857975,135.757549,"901 Higashishiokojicho, Shimogyo Ward, Kyoto, 600-8216, Japan"
164,ChIJlwyrGNAIAWARNb5hUHdZruY,Ninenzaka,4.5,10245,Tourist Attraction,,34.9981744,135.7808578,"Japan, 〒605-0826 Kyoto, Higashiyama Ward, Masuyacho, 清水2丁目363-12"
165,ChIJQ20C5ysHAWARolBNIkb28t8,Kyoto Central Wholesale Market Observation Area,4.0,48,Tourist Attraction,,34.9903695,135.7417795,"80 Sujakubunkicho, Shimogyo Ward, Kyoto, 600-8847, Japan"
166,ChIJKbZrJR0IAWARuxY1Dm9osBw,Taiko Sanso,3.8,18,Tourist Attraction,,35.0576628,135.7327381,"10-37 Omiya Shakadani, Kita Ward, Kyoto, 603-8478, Japan"
167,ChIJh8ezaNwJAWARmKlGTSmqPJc,Shirakawa Canal,4.7,764,Tourist Attraction,,35.0054778,135.7736473,"Japan, 〒605-0087 Kyoto, Higashiyama Ward, Motoyoshicho, 白川筋"
168,ChIJKzqZc-sHAWARaw1JSuh5uyY,Taishogun Shopping Street - Ichijo Yokai Street,3.3,248,Tourist Attraction,,35.0261546,135.7339724,"Japan, 〒602-8374 Kyoto, Kamigyo Ward, 一条通"
169,ChIJW1wkV64IAWARfS43gLoOT3s,Musical Fountain Aqua Fantasy,4.1,202,Tourist Attraction,,34.986709,135.7593766,"902 Higashishiokojicho, Shimogyo Ward, Kyoto, 600-8216, Japan"
170,ChIJuet15hsGAWAR3eMqQHZZxrU,Shiden Plaza,4.2,202,Tourist Attraction,,34.9873976,135.7464682,"Kankijicho, Shimogyo Ward, Kyoto, 600-8835, Japan"
171,ChIJY-ta5GEHAWARaCZlaxG64AQ,Sakigake Sakura,4.5,17,Tourist Attraction,,35.0325435,135.7327075,"Hirano Miyamotocho, Kita Ward, Kyoto, 603-8322, Japan"
172,ChIJF42zshgJAWARVK2wk6AFlxw,Eikan-dō,4.6,9259,Place Of Worship,,35.0148543,135.7941588,"48 Eikandocho, Sakyo Ward, Kyoto, 606-8445, Japan"
173,ChIJI4oAzUAJAWAR07Zp3uOVVM4,Otokozaka (Slope for Gentleman),4.5,26,Tourist Attraction,,35.00470809999999,135.7822626,"400 Rinkacho, Higashiyama Ward, Kyoto, 605-0062, Japan"
174,ChIJCQK3LesIAWAR3CST8e-1YRA,Pontocho Park,4.3,918,Park,,35.0064277,135.7712162,"先斗町通, １４５, Umenokicho, Nakagyo Ward, Kyoto, 604-8012, Japan"
175,ChIJa7hQlcAJAWARNIbcxU_bhRE,Ishibe kōji road,4.6,138,Tourist Attraction,,35.00009319999999,135.7794833,"463-34 Shimokawaracho, Higashiyama Ward, Kyoto, 605-0825, Japan"
176,ChIJe5SzmOWpAWARPta6DTxqx2c,Kannon Island,4.1,112,Tourist Attraction,,35.0268846,135.6885718,"28 Sagatsuridonocho, Ukyo Ward, Kyoto, 616-8301, Japan"
177,ChIJWwJ0_isGAWARhUGCzK2kXyc,Kyoto Samurai Experience / Waraku,4.9,342,Tourist Attraction,,35.0061252,135.7475798,"111 Inabacho, Nakagyo Ward, Kyoto, 604-8803, Japan"
178,ChIJRyB82waqAWARO_Bs89PDp2c,Rankyo Gorge,4.8,140,Tourist Attraction,,35.0135642,135.6707403,"Sagakamenoocho, Ukyo Ward, Kyoto, 616-8386, Japan"
179,ChIJGcgKQK4IAWAR5U19eGb4dPw,Model of Rajomon Gate,4.3,23,Tourist Attraction,,34.98655979999999,135.760412,"Higashishiokojicho, Shimogyo Ward, Kyoto, 600-8216, Japan"
180,ChIJTa9St4sJAWARAjYXx33KDbk,Miyako no Taki,4.1,21,Tourist Attraction,,34.98462680000001,135.7560058,"Nishikujo Inmachi, Minami Ward, Kyoto, 601-8412, Japan"
181,ChIJ_XXS5rcJAWAREfuogskI2c8,石塀小路 Nene no Michi,4.3,81,Tourist Attraction,,35.0011041,135.7799518,"Japan, Kyoto, Higashiyama Ward, ねねの道"
182,ChIJa_GfKgAJAWARdBs1o7x70k0,Hanamikoji Street,4.5,182,Tourist Attraction,,35.0014922,135.7746403,"Gionmachi Minamigawa, Higashiyama Ward, Kyoto, 605-0074, Japan"
183,ChIJ4T30pbsJAWAR8wY-F0CfQTs,Kawaramachi-dori Street,4.6,51,Tourist Attraction,,35.0047867,135.769273,"Nakagyo Ward, Kyoto, 604-8026, Japan"
184,ChIJy595gNAIAWARAQmAag8k6zw,Kyoto Ryōzen Gokoku-jinja Shrine,4.2,786,Place Of Worship,,34.9999349,135.7829385,"Japan, 〒605-0825 Kyoto, Higashiyama Ward, Seikanji Ryozancho, １"
185,ChIJ0YDNkboIAWARNjCEax81LBo,Shōseien Garden,4.2,2731,Park,,34.9913391,135.7631395,"Japan, 〒600-8190 Kyoto, Shimogyo Ward, 下珠数屋町通間之町東入東玉水町"
186,ChIJH5DGocEIAWARglgRbJ_T0u4,Nishi-Hanamikoji Street,4.7,52,Tourist Attraction,,35.0031262,135.7745532,"570-123 Gionmachi Minamigawa, Higashiyama Ward, Kyoto, 605-0074, Japan"
