"Restaurant_ID","DinnerPrice","LunchPrice","Price_Category"
"1","￥4000～￥4999","￥2000～￥2999","中價位"
"2","￥3000～￥3999","￥1000～￥1999","中價位"
"3","￥3000～￥3999","","中價位"
"4","￥3000～￥3999","","中價位"
"5","￥4000～￥4999","￥1000～￥1999","中價位"
"6","￥4000～￥4999","￥1000～￥1999","中價位"
"7","￥3000～￥3999","￥1000～￥1999","中價位"
"8","￥3000～￥3999","","中價位"
"9","￥3000～￥3999","","中價位"
"10","￥4000～￥4999","","中價位"
"11","￥3000～￥3999","","中價位"
"12","￥8000～￥9999","￥6000～￥7999","高價位"
"13","￥2000～￥2999","￥2000～￥2999","中價位"
"14","￥10000～￥14999","￥6000～￥7999","高價位"
"15","￥5000～￥5999"," ～￥999","中價位"
"16","￥3000～￥3999","","中價位"
"17","￥3000～￥3999","","中價位"
"18","￥2000～￥2999"," ～￥999","平價"
"19","￥3000～￥3999","￥1000～￥1999","中價位"
"20","￥5000～￥5999","￥2000～￥2999","中價位"
"21","￥3000～￥3999","","中價位"
"22","￥4000～￥4999","","中價位"
"23","￥3000～￥3999","","中價位"
"24","￥8000～￥9999","￥2000～￥2999","高價位"
"25","￥4000～￥4999","","中價位"
"26","￥3000～￥3999"," ～￥999","中價位"
"27","￥5000～￥5999","￥1000～￥1999","中價位"
"28","￥3000～￥3999","","中價位"
"29","￥3000～￥3999","￥1000～￥1999","中價位"
"30","￥3000～￥3999","","中價位"
"31","￥5000～￥5999"," ～￥999","中價位"
"32","￥2000～￥2999","","中價位"
"33","￥5000～￥5999","","高價位"
"34","￥3000～￥3999","","中價位"
"35","￥3000～￥3999","￥1000～￥1999","中價位"
"36","￥5000～￥5999","","高價位"
"37","￥4000～￥4999","","中價位"
"38","￥3000～￥3999","￥2000～￥2999","中價位"
"39","￥6000～￥7999","￥2000～￥2999","中價位"
"40","￥3000～￥3999","","中價位"
"41","￥4000～￥4999","","中價位"
"42","￥4000～￥4999","￥1000～￥1999","中價位"
"43","￥10000～￥14999","￥5000～￥5999","高價位"
"44","￥4000～￥4999","","中價位"
"45","￥5000～￥5999"," ～￥999","中價位"
"46","￥4000～￥4999","￥1000～￥1999","中價位"
"47","￥3000～￥3999","","中價位"
"48","￥3000～￥3999","","中價位"
"49","￥3000～￥3999","","中價位"
"50","￥10000～￥14999","","頂級"
"51","￥2000～￥2999","","中價位"
"52","￥3000～￥3999"," ～￥999","中價位"
"53","￥4000～￥4999","","中價位"
"54","￥3000～￥3999","","中價位"
"55","￥3000～￥3999","￥1000～￥1999","中價位"
"56","￥3000～￥3999"," ～￥999","中價位"
"57","￥5000～￥5999","","高價位"
"58","￥4000～￥4999","￥2000～￥2999","中價位"
"59","￥5000～￥5999","","高價位"
"60","￥10000～￥14999","￥3000～￥3999","高價位"
"61","￥4000～￥4999","","中價位"
"62","￥5000～￥5999","￥1000～￥1999","中價位"
"63","￥10000～￥14999","￥4000～￥4999","高價位"
"64","￥4000～￥4999"," ～￥999","中價位"
"65","￥10000～￥14999","￥5000～￥5999","高價位"
"66","￥3000～￥3999","","中價位"
"67","￥3000～￥3999","","中價位"
"68","￥10000～￥14999","￥5000～￥5999","高價位"
"69","￥3000～￥3999","","中價位"
"70","￥2000～￥2999"," ～￥999","平價"
"71","￥10000～￥14999","￥4000～￥4999","高價位"
"72","￥2000～￥2999","","中價位"
"73","￥3000～￥3999"," ～￥999","中價位"
"74","￥4000～￥4999"," ～￥999","中價位"
"75","￥2000～￥2999","","中價位"
"76","￥3000～￥3999","","中價位"
"77","￥4000～￥4999","￥1000～￥1999","中價位"
"78","￥4000～￥4999","","中價位"
"79","￥6000～￥7999","￥2000～￥2999","中價位"
"80","￥6000～￥7999","","高價位"
"81","￥3000～￥3999","￥1000～￥1999","中價位"
"82","￥3000～￥3999","","中價位"
"83","￥10000～￥14999","","頂級"
"84","￥6000～￥7999","","高價位"
"85","￥3000～￥3999","","中價位"
"86","￥2000～￥2999"," ～￥999","平價"
"87","￥3000～￥3999","","中價位"
"88","￥2000～￥2999","","中價位"
"89","￥4000～￥4999","","中價位"
"90","￥3000～￥3999","","中價位"
"91","￥3000～￥3999","","中價位"
"92","￥6000～￥7999","","高價位"
"93","￥3000～￥3999","","中價位"
"94","￥3000～￥3999","￥1000～￥1999","中價位"
"95","￥6000～￥7999","￥1000～￥1999","中價位"
"96","￥4000～￥4999"," ～￥999","中價位"
"97","￥3000～￥3999","","中價位"
"98","￥2000～￥2999","","中價位"
"99","￥3000～￥3999","","中價位"
"100","￥4000～￥4999","","中價位"
"101","￥5000～￥5999","￥1000～￥1999","中價位"
"102","￥3000～￥3999"," ～￥999","中價位"
"103","￥2000～￥2999","￥1000～￥1999","平價"
"104","￥2000～￥2999"," ～￥999","平價"
"105","￥3000～￥3999","￥1000～￥1999","中價位"
"106","￥3000～￥3999","","中價位"
"107","￥3000～￥3999","","中價位"
"108","￥3000～￥3999","","中價位"
"109","￥3000～￥3999","￥1000～￥1999","中價位"
"110","￥3000～￥3999","￥1000～￥1999","中價位"
"111","￥3000～￥3999","￥3000～￥3999","中價位"
"112","￥3000～￥3999","","中價位"
"113","￥5000～￥5999","￥3000～￥3999","中價位"
"114","￥3000～￥3999","","中價位"
"115","￥2000～￥2999","","中價位"
"116","￥5000～￥5999","￥1000～￥1999","中價位"
"117","￥4000～￥4999","","中價位"
"118","￥8000～￥9999","￥2000～￥2999","高價位"
"119","￥3000～￥3999","￥1000～￥1999","中價位"
"120","￥5000～￥5999","","高價位"
"121","￥8000～￥9999","￥3000～￥3999","高價位"
"122","￥3000～￥3999","￥1000～￥1999","中價位"
"123","￥4000～￥4999","￥1000～￥1999","中價位"
"124","￥20000～￥29999","￥8000～￥9999","頂級"
"125","￥3000～￥3999","￥1000～￥1999","中價位"
"126","￥3000～￥3999","","中價位"
"127","￥5000～￥5999","￥4000～￥4999","中價位"
"128","￥5000～￥5999","￥1000～￥1999","中價位"
"129","￥6000～￥7999","￥2000～￥2999","中價位"
"130","￥4000～￥4999","￥1000～￥1999","中價位"
"131","￥3000～￥3999","","中價位"
"132","￥8000～￥9999","","高價位"
"133","￥4000～￥4999","￥1000～￥1999","中價位"
"134","￥3000～￥3999","","中價位"
"135","￥2000～￥2999","","中價位"
"136","￥3000～￥3999","","中價位"
"137","￥2000～￥2999","","中價位"
"138","￥6000～￥7999","￥1000～￥1999","中價位"
"139","￥3000～￥3999","","中價位"
"140","￥3000～￥3999","","中價位"
"141","￥3000～￥3999","","中價位"
"142","￥3000～￥3999","","中價位"
"143","￥2000～￥2999","","中價位"
"144","￥4000～￥4999","","中價位"
"145","￥2000～￥2999","","中價位"
"146","￥4000～￥4999","","中價位"
"147","￥3000～￥3999","","中價位"
"148","￥2000～￥2999","￥1000～￥1999","平價"
"149","￥3000～￥3999"," ～￥999","中價位"
"150","￥8000～￥9999","","高價位"
"151","￥6000～￥7999","￥2000～￥2999","中價位"
"152","￥8000～￥9999","","高價位"
"153","￥8000～￥9999","￥5000～￥5999","高價位"
"154","￥2000～￥2999","￥1000～￥1999","平價"
"155","￥3000～￥3999","","中價位"
"156","￥4000～￥4999","","中價位"
"157","￥3000～￥3999","","中價位"
"158","￥8000～￥9999","￥3000～￥3999","高價位"
"159","￥6000～￥7999","￥2000～￥2999","中價位"
"160","￥10000～￥14999","","頂級"
"161","￥3000～￥3999","￥1000～￥1999","中價位"
"162","￥5000～￥5999","","高價位"
"163","￥4000～￥4999","","中價位"
"164","￥1000～￥1999","￥1000～￥1999","平價"
"165","￥4000～￥4999","￥1000～￥1999","中價位"
"166","￥4000～￥4999","","中價位"
"167","￥3000～￥3999","","中價位"
"168","￥3000～￥3999","","中價位"
"169","￥4000～￥4999","","中價位"
"170","￥2000～￥2999","￥1000～￥1999","平價"
"171","￥3000～￥3999","","中價位"
"172","￥3000～￥3999","￥1000～￥1999","中價位"
"173","￥2000～￥2999","￥2000～￥2999","中價位"
"174","￥4000～￥4999","","中價位"
"175","￥6000～￥7999","￥3000～￥3999","高價位"
"176","￥3000～￥3999","￥1000～￥1999","中價位"
"177","￥4000～￥4999","","中價位"
"178","￥3000～￥3999","","中價位"
"179","￥2000～￥2999"," ～￥999","平價"
"180","￥3000～￥3999","","中價位"
"181"," ～￥999"," ～￥999","平價"
"182","￥6000～￥7999","","高價位"
"183","￥4000～￥4999","","中價位"
"184","￥3000～￥3999","","中價位"
"185","￥10000～￥14999","￥6000～￥7999","高價位"
"186","￥2000～￥2999","￥1000～￥1999","平價"
"187","￥3000～￥3999","","中價位"
"188","￥3000～￥3999","","中價位"
"189","￥3000～￥3999","","中價位"
"190","￥3000～￥3999"," ～￥999","中價位"
"191","￥3000～￥3999","","中價位"
"192","￥4000～￥4999","￥1000～￥1999","中價位"
"193","￥2000～￥2999","￥2000～￥2999","中價位"
"194","￥5000～￥5999","￥1000～￥1999","中價位"
"195","￥2000～￥2999","￥1000～￥1999","平價"
"196","￥5000～￥5999","￥2000～￥2999","中價位"
"197","￥3000～￥3999","￥1000～￥1999","中價位"
"198","￥3000～￥3999","","中價位"
"199","￥10000～￥14999","","頂級"
"200","￥3000～￥3999","","中價位"
"201","￥2000～￥2999","","中價位"
"202","￥4000～￥4999","￥1000～￥1999","中價位"
"203","￥2000～￥2999","￥3000～￥3999","中價位"
"204","￥3000～￥3999","","中價位"
"205","￥4000～￥4999","","中價位"
"206","￥1000～￥1999","￥1000～￥1999","平價"
"207","￥3000～￥3999"," ～￥999","中價位"
"208","￥3000～￥3999","￥1000～￥1999","中價位"
"209","￥3000～￥3999","￥1000～￥1999","中價位"
"210","￥8000～￥9999","","高價位"
"211","￥4000～￥4999","","中價位"
"212","￥6000～￥7999","￥4000～￥4999","高價位"
"213","￥6000～￥7999","￥3000～￥3999","高價位"
"214","￥15000～￥19999","￥15000～￥19999","頂級"
"215","￥3000～￥3999","","中價位"
"216","￥3000～￥3999","","中價位"
"217","￥3000～￥3999","","中價位"
"218","￥2000～￥2999","","中價位"
"219","￥4000～￥4999","","中價位"
"220","￥4000～￥4999","","中價位"
"221","￥4000～￥4999","","中價位"
"222","￥3000～￥3999","","中價位"
"223","￥3000～￥3999","￥1000～￥1999","中價位"
"224","￥20000～￥29999","￥10000～￥14999","頂級"
"225","￥3000～￥3999","","中價位"
"226","￥3000～￥3999","","中價位"
"227","￥3000～￥3999","","中價位"
"228","￥1000～￥1999","","平價"
"229","￥3000～￥3999","","中價位"
"230","￥8000～￥9999","￥5000～￥5999","高價位"
"231","￥3000～￥3999","","中價位"
"232","￥1000～￥1999"," ～￥999","平價"
"233","￥2000～￥2999","","中價位"
"234","￥4000～￥4999","￥1000～￥1999","中價位"
"235","￥2000～￥2999","","中價位"
"236","￥3000～￥3999","","中價位"
"237","￥5000～￥5999","￥3000～￥3999","中價位"
"238","￥2000～￥2999","","中價位"
"239","￥2000～￥2999"," ～￥999","平價"
"240","￥3000～￥3999","","中價位"
"241","￥4000～￥4999","￥1000～￥1999","中價位"
"242","￥4000～￥4999","￥1000～￥1999","中價位"
"243","￥2000～￥2999"," ～￥999","平價"
"244","￥3000～￥3999","","中價位"
"245","￥2000～￥2999","","中價位"
"246","￥4000～￥4999","","中價位"
"247","￥3000～￥3999","","中價位"
"248","￥3000～￥3999","","中價位"
"249","￥3000～￥3999","","中價位"
"250","￥3000～￥3999","","中價位"
"251","￥4000～￥4999","","中價位"
"252","￥3000～￥3999","","中價位"
"253","￥1000～￥1999"," ～￥999","平價"
"254","￥3000～￥3999","","中價位"
"255","￥10000～￥14999","￥4000～￥4999","高價位"
"256","￥5000～￥5999","","高價位"
"257","￥4000～￥4999","￥1000～￥1999","中價位"
"258","￥3000～￥3999","","中價位"
"259","￥2000～￥2999"," ～￥999","平價"
"260","￥1000～￥1999"," ～￥999","平價"
"261","￥2000～￥2999"," ～￥999","平價"
"262","￥3000～￥3999","","中價位"
"263","￥2000～￥2999","","中價位"
"264","￥6000～￥7999","￥2000～￥2999","中價位"
"265","￥2000～￥2999","","中價位"
"266","￥4000～￥4999","","中價位"
"267","￥3000～￥3999","","中價位"
"268","￥3000～￥3999","","中價位"
"269","￥3000～￥3999","￥1000～￥1999","中價位"
"270","￥4000～￥4999","","中價位"
"271","￥5000～￥5999","￥2000～￥2999","中價位"
"272","￥4000～￥4999","￥1000～￥1999","中價位"
"273","￥3000～￥3999","","中價位"
"274","￥3000～￥3999","","中價位"
"275","￥4000～￥4999","","中價位"
"276","￥3000～￥3999","","中價位"
"277","￥3000～￥3999","","中價位"
"278","￥3000～￥3999"," ～￥999","中價位"
"279","￥3000～￥3999","","中價位"
"280","￥3000～￥3999","","中價位"
"281","￥3000～￥3999","","中價位"
"282","￥4000～￥4999","￥1000～￥1999","中價位"
"283","￥4000～￥4999","","中價位"
"284","￥1000～￥1999","￥1000～￥1999","平價"
"285","￥4000～￥4999","￥2000～￥2999","中價位"
"286","￥3000～￥3999","","中價位"
"287","￥3000～￥3999","￥3000～￥3999","中價位"
"288","￥4000～￥4999","￥1000～￥1999","中價位"
"289","￥5000～￥5999","","高價位"
"290","￥2000～￥2999","","中價位"
"291","￥3000～￥3999","￥1000～￥1999","中價位"
"292","￥6000～￥7999","￥2000～￥2999","中價位"
"293","￥3000～￥3999","","中價位"
"294","￥3000～￥3999"," ～￥999","中價位"
"295","￥3000～￥3999","","中價位"
"296","￥4000～￥4999","","中價位"
"297","￥4000～￥4999","￥1000～￥1999","中價位"
"298","￥4000～￥4999","","中價位"
"299","￥8000～￥9999","￥2000～￥2999","高價位"
"300","￥10000～￥14999","￥10000～￥14999","頂級"
"301","￥10000～￥14999","￥10000～￥14999","頂級"
"302","￥4000～￥4999"," ～￥999","中價位"
"303","￥4000～￥4999","","中價位"
"304","￥8000～￥9999","￥3000～￥3999","高價位"
"305","￥8000～￥9999","","高價位"
"306","￥3000～￥3999","","中價位"
"307","￥4000～￥4999","","中價位"
"308","￥4000～￥4999","￥1000～￥1999","中價位"
"309","￥3000～￥3999","","中價位"
"310","￥3000～￥3999","","中價位"
"311","￥3000～￥3999","","中價位"
"312","￥6000～￥7999","","高價位"
"313","￥3000～￥3999","￥1000～￥1999","中價位"
"314","￥5000～￥5999","￥1000～￥1999","中價位"
"315","￥5000～￥5999","","高價位"
"316","￥3000～￥3999"," ～￥999","中價位"
"317","￥4000～￥4999","","中價位"
"318","￥3000～￥3999","","中價位"
"319","￥3000～￥3999","","中價位"
"320","￥3000～￥3999","","中價位"
"321","￥4000～￥4999","￥1000～￥1999","中價位"
"322","￥3000～￥3999","￥3000～￥3999","中價位"
"323","￥10000～￥14999","￥5000～￥5999","高價位"
"324","￥3000～￥3999","￥4000～￥4999","中價位"
"325","￥2000～￥2999","","中價位"
"326","￥5000～￥5999","","高價位"
"327","￥3000～￥3999","","中價位"
"328","￥6000～￥7999","￥3000～￥3999","高價位"
"329","￥3000～￥3999","￥1000～￥1999","中價位"
"330","￥3000～￥3999","","中價位"
"331","￥4000～￥4999","","中價位"
"332","￥4000～￥4999","","中價位"
"333","￥3000～￥3999","","中價位"
"334","￥6000～￥7999","￥3000～￥3999","高價位"
"335","￥3000～￥3999"," ～￥999","中價位"
"336","￥3000～￥3999","","中價位"
"337","￥1000～￥1999"," ～￥999","平價"
"338","￥3000～￥3999","","中價位"
"339","￥3000～￥3999","","中價位"
"340","￥2000～￥2999"," ～￥999","平價"
"341","￥3000～￥3999","","中價位"
"342","￥5000～￥5999","","高價位"
"343","￥2000～￥2999"," ～￥999","平價"
"344","￥2000～￥2999"," ～￥999","平價"
"345","￥3000～￥3999","","中價位"
"346","￥4000～￥4999","","中價位"
"347","￥10000～￥14999","￥5000～￥5999","高價位"
"348","￥3000～￥3999","","中價位"
"349","￥2000～￥2999"," ～￥999","平價"
"350","￥6000～￥7999","￥2000～￥2999","中價位"
"351","￥2000～￥2999","","中價位"
"352","￥2000～￥2999"," ～￥999","平價"
"353","￥2000～￥2999","￥1000～￥1999","平價"
"354","￥2000～￥2999"," ～￥999","平價"
"355","￥2000～￥2999","","中價位"
"356","￥5000～￥5999","￥1000～￥1999","中價位"
"357","￥5000～￥5999","￥2000～￥2999","中價位"
"358","￥5000～￥5999","","高價位"
"359","￥10000～￥14999","","頂級"
"360","￥3000～￥3999"," ～￥999","中價位"
"361","￥2000～￥2999","","中價位"
"362","￥3000～￥3999","","中價位"
"363","￥1000～￥1999","￥1000～￥1999","平價"
"364","￥3000～￥3999"," ～￥999","中價位"
"365","￥6000～￥7999","￥3000～￥3999","高價位"
"366","￥4000～￥4999","","中價位"
"367","￥4000～￥4999","","中價位"
"368","￥6000～￥7999","","高價位"
"369","￥4000～￥4999","","中價位"
"370","￥5000～￥5999","￥4000～￥4999","中價位"
"371","￥1000～￥1999"," ～￥999","平價"
"372","￥5000～￥5999","","高價位"
"373","￥3000～￥3999","","中價位"
"374","￥3000～￥3999","","中價位"
"375","￥3000～￥3999","￥1000～￥1999","中價位"
"376","￥3000～￥3999","￥1000～￥1999","中價位"
"377","￥2000～￥2999","","中價位"
"378","￥5000～￥5999","￥2000～￥2999","中價位"
"379","￥1000～￥1999","￥1000～￥1999","平價"
"380","￥5000～￥5999","￥2000～￥2999","中價位"
"381","￥2000～￥2999","","中價位"
"382","￥10000～￥14999","￥3000～￥3999","高價位"
"383","￥3000～￥3999"," ～￥999","中價位"
"384","￥4000～￥4999","￥2000～￥2999","中價位"
"385","￥10000～￥14999","","頂級"
"386","￥10000～￥14999","￥3000～￥3999","高價位"
"387","￥3000～￥3999","","中價位"
"388","￥2000～￥2999","￥2000～￥2999","中價位"
"389","￥4000～￥4999","","中價位"
"390","￥4000～￥4999","","中價位"
"391","￥6000～￥7999","￥4000～￥4999","高價位"
"392","￥3000～￥3999","￥1000～￥1999","中價位"
"393","￥3000～￥3999","￥1000～￥1999","中價位"
"394","￥5000～￥5999","","高價位"
"395","￥3000～￥3999","￥1000～￥1999","中價位"
"396","￥5000～￥5999","￥3000～￥3999","中價位"
"397","￥3000～￥3999","￥1000～￥1999","中價位"
"398","￥3000～￥3999","￥1000～￥1999","中價位"
"399","￥3000～￥3999","","中價位"
"400","￥1000～￥1999","￥3000～￥3999","中價位"
"401","￥5000～￥5999","","高價位"
"402","￥8000～￥9999","￥4000～￥4999","高價位"
"403","￥1000～￥1999"," ～￥999","平價"
"404","￥4000～￥4999","￥1000～￥1999","中價位"
"405","￥8000～￥9999","","高價位"
"406","￥5000～￥5999","","高價位"
"407","￥3000～￥3999","￥1000～￥1999","中價位"
"408","￥5000～￥5999","","高價位"
"409","￥3000～￥3999"," ～￥999","中價位"
"410","￥5000～￥5999","￥2000～￥2999","中價位"
"411","￥5000～￥5999","￥2000～￥2999","中價位"
"412","￥5000～￥5999","￥3000～￥3999","中價位"
"413","￥3000～￥3999","￥1000～￥1999","中價位"
"414","￥3000～￥3999","","中價位"
"415","￥3000～￥3999","","中價位"
"416","￥2000～￥2999","","中價位"
"417","￥2000～￥2999","","中價位"
"418","￥4000～￥4999","","中價位"
"419","￥4000～￥4999"," ～￥999","中價位"
"420","￥2000～￥2999","","中價位"
"421","￥2000～￥2999","","中價位"
"422","￥3000～￥3999","","中價位"
"423","￥10000～￥14999","￥4000～￥4999","高價位"
"424","￥2000～￥2999","","中價位"
"425","￥3000～￥3999","","中價位"
"426","￥2000～￥2999","","中價位"
"427","￥3000～￥3999","￥2000～￥2999","中價位"
"428","￥4000～￥4999","￥3000～￥3999","中價位"
"429","￥3000～￥3999"," ～￥999","中價位"
"430","￥3000～￥3999","￥1000～￥1999","中價位"
"431","￥8000～￥9999","￥3000～￥3999","高價位"
"432","￥2000～￥2999"," ～￥999","平價"
"433","￥6000～￥7999","￥3000～￥3999","高價位"
"434","￥3000～￥3999","￥1000～￥1999","中價位"
"435","￥3000～￥3999"," ～￥999","中價位"
"436","￥2000～￥2999"," ～￥999","平價"
"437","￥3000～￥3999"," ～￥999","中價位"
"438","￥4000～￥4999","￥1000～￥1999","中價位"
"439","￥6000～￥7999","￥2000～￥2999","中價位"
"440","￥5000～￥5999","￥2000～￥2999","中價位"
"441","￥3000～￥3999","￥1000～￥1999","中價位"
"442","￥4000～￥4999","￥1000～￥1999","中價位"
"443","￥1000～￥1999","￥1000～￥1999","平價"
"444","￥10000～￥14999","￥4000～￥4999","高價位"
"445","￥2000～￥2999","","中價位"
"446","￥3000～￥3999","￥1000～￥1999","中價位"
"447","￥5000～￥5999","","高價位"
"448","￥10000～￥14999","￥5000～￥5999","高價位"
"449","￥4000～￥4999","","中價位"
"450","￥3000～￥3999","","中價位"
"451","￥4000～￥4999"," ～￥999","中價位"
"452","￥3000～￥3999"," ～￥999","中價位"
"453","￥3000～￥3999","￥1000～￥1999","中價位"
"454","￥3000～￥3999","","中價位"
"455","￥3000～￥3999","￥3000～￥3999","中價位"
"456","￥4000～￥4999","￥1000～￥1999","中價位"
"457","￥6000～￥7999","￥3000～￥3999","高價位"
"458","￥3000～￥3999","","中價位"
"459","￥4000～￥4999","","中價位"
"460","￥2000～￥2999","","中價位"
"461","￥3000～￥3999"," ～￥999","中價位"
"462","￥1000～￥1999"," ～￥999","平價"
"463","￥3000～￥3999","","中價位"
"464","￥4000～￥4999"," ～￥999","中價位"
"465","￥2000～￥2999","￥1000～￥1999","平價"
"466","￥3000～￥3999","","中價位"
"467","￥10000～￥14999","￥1000～￥1999","高價位"
"468","￥3000～￥3999","","中價位"
"469","￥8000～￥9999","￥3000～￥3999","高價位"
"470","￥6000～￥7999","￥3000～￥3999","高價位"
"471","￥8000～￥9999","￥5000～￥5999","高價位"
"472","￥3000～￥3999","￥1000～￥1999","中價位"
"473","￥3000～￥3999","","中價位"
"474","￥4000～￥4999","￥2000～￥2999","中價位"
"475","￥3000～￥3999"," ～￥999","中價位"
"476","￥3000～￥3999"," ～￥999","中價位"
"477","￥3000～￥3999","","中價位"
"478","￥4000～￥4999","","中價位"
"479","￥1000～￥1999","￥1000～￥1999","平價"
"480","￥3000～￥3999","","中價位"
"481","￥1000～￥1999"," ～￥999","平價"
"482","￥3000～￥3999","","中價位"
"483","￥6000～￥7999","￥1000～￥1999","中價位"
"484","￥3000～￥3999","","中價位"
"485"," ～￥999","￥1000～￥1999","平價"
"486","￥4000～￥4999","","中價位"
"487","￥3000～￥3999","","中價位"
"488","￥2000～￥2999","","中價位"
"489","￥8000～￥9999","￥1000～￥1999","高價位"
"490","￥4000～￥4999","￥1000～￥1999","中價位"
"491","￥2000～￥2999","","中價位"
"492","￥4000～￥4999","","中價位"
"493","￥2000～￥2999","￥1000～￥1999","平價"
"494","￥3000～￥3999","","中價位"
"495","￥3000～￥3999","","中價位"
"496","￥3000～￥3999","","中價位"
"497","￥3000～￥3999"," ～￥999","中價位"
"498","￥8000～￥9999","￥2000～￥2999","高價位"
"499","￥3000～￥3999","","中價位"
"500","￥2000～￥2999","","中價位"
"501","￥3000～￥3999","￥2000～￥2999","中價位"
"502","￥20000～￥29999","￥6000～￥7999","頂級"
"503","￥4000～￥4999","￥2000～￥2999","中價位"
"504","￥8000～￥9999","￥3000～￥3999","高價位"
"505","￥10000～￥14999","￥1000～￥1999","高價位"
"506","￥1000～￥1999"," ～￥999","平價"
"507","￥2000～￥2999","￥1000～￥1999","平價"
"508","￥5000～￥5999","￥2000～￥2999","中價位"
"509","￥6000～￥7999","￥3000～￥3999","高價位"
"510","￥3000～￥3999","","中價位"
"511","￥2000～￥2999","","中價位"
"512","￥8000～￥9999","￥3000～￥3999","高價位"
"513","￥4000～￥4999","￥1000～￥1999","中價位"
"514","￥3000～￥3999","￥1000～￥1999","中價位"
"515","￥2000～￥2999"," ～￥999","平價"
"516","￥6000～￥7999","￥2000～￥2999","中價位"
"517","￥3000～￥3999"," ～￥999","中價位"
"518","￥4000～￥4999","","中價位"
"519","￥4000～￥4999","￥2000～￥2999","中價位"
"520","￥10000～￥14999","￥4000～￥4999","高價位"
"521","￥3000～￥3999","","中價位"
"522","￥3000～￥3999","","中價位"
"523","￥3000～￥3999"," ～￥999","中價位"
"524","￥2000～￥2999","","中價位"
"525","￥5000～￥5999","￥2000～￥2999","中價位"
"526","￥5000～￥5999","","高價位"
"527","￥4000～￥4999","","中價位"
"528","￥4000～￥4999","￥1000～￥1999","中價位"
"529","￥4000～￥4999","￥3000～￥3999","中價位"
"530","￥4000～￥4999","","中價位"
"531","￥2000～￥2999","","中價位"
"532","￥3000～￥3999"," ～￥999","中價位"
"533","￥3000～￥3999"," ～￥999","中價位"
"534","￥4000～￥4999","￥2000～￥2999","中價位"
"535","￥8000～￥9999","","高價位"
"536","￥2000～￥2999"," ～￥999","平價"
"537","￥2000～￥2999","","中價位"
"538","￥6000～￥7999","￥3000～￥3999","高價位"
"539","￥4000～￥4999","￥1000～￥1999","中價位"
"540","￥2000～￥2999"," ～￥999","平價"
"541","￥3000～￥3999","","中價位"
"542","￥2000～￥2999","","中價位"
"543","￥1000～￥1999","￥1000～￥1999","平價"
"544","￥3000～￥3999","￥2000～￥2999","中價位"
"545","￥3000～￥3999","￥1000～￥1999","中價位"
"546","￥8000～￥9999","","高價位"
"547","￥3000～￥3999","","中價位"
"548","￥1000～￥1999"," ～￥999","平價"
"549","￥5000～￥5999","","高價位"
"550","￥5000～￥5999","￥1000～￥1999","中價位"
"551","￥8000～￥9999","","高價位"
"552","￥4000～￥4999","￥1000～￥1999","中價位"
"553","￥4000～￥4999","￥1000～￥1999","中價位"
"554","￥4000～￥4999","","中價位"
"555","￥1000～￥1999"," ～￥999","平價"
"556","￥4000～￥4999","￥1000～￥1999","中價位"
"557","￥3000～￥3999","","中價位"
"558","￥5000～￥5999","","高價位"
"559","￥3000～￥3999","￥1000～￥1999","中價位"
"560","￥3000～￥3999","","中價位"
"561","￥4000～￥4999","","中價位"
"562","￥10000～￥14999","￥4000～￥4999","高價位"
"563","￥3000～￥3999","","中價位"
"564","￥3000～￥3999","￥2000～￥2999","中價位"
"565","￥5000～￥5999","￥3000～￥3999","中價位"
"566","￥5000～￥5999","","高價位"
"567","￥2000～￥2999"," ～￥999","平價"
"568","￥3000～￥3999"," ～￥999","中價位"
"569","￥4000～￥4999","","中價位"
"570","￥2000～￥2999","","中價位"
"571","￥8000～￥9999","￥3000～￥3999","高價位"
"572","￥2000～￥2999","","中價位"
"573","￥6000～￥7999","￥3000～￥3999","高價位"
"574","￥15000～￥19999","￥8000～￥9999","頂級"
"575","￥10000～￥14999","￥3000～￥3999","高價位"
"576","￥3000～￥3999","￥1000～￥1999","中價位"
"577","￥6000～￥7999","￥3000～￥3999","高價位"
"578","￥5000～￥5999","￥5000～￥5999","高價位"
"579","￥3000～￥3999","","中價位"
"580","￥1000～￥1999","￥1000～￥1999","平價"
"581","￥4000～￥4999","￥3000～￥3999","中價位"
"582","￥2000～￥2999","","中價位"
"583","￥8000～￥9999","￥4000～￥4999","高價位"
"584","￥2000～￥2999","","中價位"
"585","￥5000～￥5999","","高價位"
"586","￥3000～￥3999"," ～￥999","中價位"
"587","￥3000～￥3999","","中價位"
"588","￥2000～￥2999","￥2000～￥2999","中價位"
"589","￥8000～￥9999","","高價位"
"590","￥4000～￥4999","","中價位"
"591","￥4000～￥4999"," ～￥999","中價位"
"592","￥3000～￥3999","￥1000～￥1999","中價位"
"593","￥2000～￥2999"," ～￥999","平價"
"594","￥3000～￥3999","","中價位"
"595","￥2000～￥2999","","中價位"
"596","￥4000～￥4999","","中價位"
"597","￥5000～￥5999","","高價位"
"598","￥6000～￥7999","￥3000～￥3999","高價位"
"599","￥4000～￥4999","","中價位"
"600","￥4000～￥4999","￥2000～￥2999","中價位"
"601","￥2000～￥2999","","中價位"
"602","￥4000～￥4999","","中價位"
"603","￥4000～￥4999","","中價位"
"604","￥4000～￥4999","￥1000～￥1999","中價位"
"605","￥5000～￥5999","￥3000～￥3999","中價位"
"606","￥2000～￥2999","￥1000～￥1999","平價"
"607","￥4000～￥4999","","中價位"
"608","￥6000～￥7999","￥1000～￥1999","中價位"
"609","￥1000～￥1999","","平價"
"610","￥3000～￥3999","￥1000～￥1999","中價位"
"611","￥3000～￥3999","","中價位"
"612"," ～￥999"," ～￥999","平價"
"613","￥5000～￥5999","","高價位"
"614","￥2000～￥2999","","中價位"
"615","￥3000～￥3999"," ～￥999","中價位"
"616","￥6000～￥7999","￥1000～￥1999","中價位"
"617","￥3000～￥3999","","中價位"
"618","￥4000～￥4999","","中價位"
"619","￥6000～￥7999","￥6000～￥7999","高價位"
"620","￥2000～￥2999","","中價位"
"621","￥1000～￥1999","","平價"
"622","￥4000～￥4999","￥1000～￥1999","中價位"
"623","￥3000～￥3999","","中價位"
"624"," ～￥999"," ～￥999","平價"
"625","￥5000～￥5999","￥1000～￥1999","中價位"
"626","￥3000～￥3999","￥1000～￥1999","中價位"
"627","￥2000～￥2999"," ～￥999","平價"
"628","￥10000～￥14999","￥5000～￥5999","高價位"
"629","￥4000～￥4999","￥2000～￥2999","中價位"
"630","￥3000～￥3999","","中價位"
"631","￥4000～￥4999","","中價位"
"632","￥4000～￥4999","","中價位"
"633","￥3000～￥3999","","中價位"
"634","￥1000～￥1999","￥1000～￥1999","平價"
"635","￥3000～￥3999","","中價位"
"636","￥5000～￥5999","","高價位"
"637","￥20000～￥29999","￥10000～￥14999","頂級"
"638","￥5000～￥5999","","高價位"
"639","￥15000～￥19999","￥5000～￥5999","頂級"
"640"," ～￥999","","平價"
"641"," ～￥999"," ～￥999","平價"
"642","￥3000～￥3999","","中價位"
"643"," ～￥999"," ～￥999","平價"
"644","￥3000～￥3999","","中價位"
"645","￥10000～￥14999","￥4000～￥4999","高價位"
"646","￥3000～￥3999","￥1000～￥1999","中價位"
"647","￥3000～￥3999","","中價位"
"648","￥2000～￥2999"," ～￥999","平價"
"649","￥3000～￥3999"," ～￥999","中價位"
"650","￥2000～￥2999"," ～￥999","平價"
"651","￥5000～￥5999","￥2000～￥2999","中價位"
"652","￥6000～￥7999","￥2000～￥2999","中價位"
"653","￥4000～￥4999","","中價位"
"654","￥3000～￥3999","","中價位"
"655","￥2000～￥2999","","中價位"
"656","￥3000～￥3999"," ～￥999","中價位"
"657","￥4000～￥4999","","中價位"
"658","￥20000～￥29999","￥8000～￥9999","頂級"
"659","￥20000～￥29999","￥8000～￥9999","頂級"
"660","￥6000～￥7999","￥3000～￥3999","高價位"
"661"," ～￥999"," ～￥999","平價"
"662","￥3000～￥3999","","中價位"
"663","￥2000～￥2999","￥1000～￥1999","平價"
"664","￥5000～￥5999","","高價位"
"665","￥1000～￥1999","￥1000～￥1999","平價"
"666","￥2000～￥2999","￥1000～￥1999","平價"
"667"," ～￥999"," ～￥999","平價"
"668"," ～￥999"," ～￥999","平價"
"669","￥4000～￥4999","","中價位"
"670","￥4000～￥4999","￥1000～￥1999","中價位"
"671","￥1000～￥1999","￥1000～￥1999","平價"
"672","￥3000～￥3999","￥3000～￥3999","中價位"
"673","￥3000～￥3999","","中價位"
"674","￥1000～￥1999","","平價"
"675","￥3000～￥3999"," ～￥999","中價位"
"676","￥3000～￥3999","","中價位"
"677","￥4000～￥4999","","中價位"
"678","￥1000～￥1999"," ～￥999","平價"
"679","￥5000～￥5999","","高價位"
"680","￥8000～￥9999","","高價位"
"681","￥3000～￥3999","","中價位"
"682","￥5000～￥5999","￥1000～￥1999","中價位"
"683","￥1000～￥1999","￥1000～￥1999","平價"
"684","￥6000～￥7999","￥2000～￥2999","中價位"
"685","￥2000～￥2999","￥2000～￥2999","中價位"
"686","￥4000～￥4999","￥1000～￥1999","中價位"
"687","￥6000～￥7999","￥3000～￥3999","高價位"
"688","￥3000～￥3999","￥1000～￥1999","中價位"
"689","￥3000～￥3999"," ～￥999","中價位"
"690","￥8000～￥9999","￥2000～￥2999","高價位"
"691","￥4000～￥4999","￥1000～￥1999","中價位"
"692","￥2000～￥2999"," ～￥999","平價"
"693","￥1000～￥1999"," ～￥999","平價"
"694","￥3000～￥3999","","中價位"
"695","￥6000～￥7999","","高價位"
"696","￥1000～￥1999","￥1000～￥1999","平價"
"697","￥4000～￥4999","￥2000～￥2999","中價位"
"698","￥1000～￥1999"," ～￥999","平價"
"699","￥6000～￥7999","￥1000～￥1999","中價位"
"700","￥4000～￥4999","￥1000～￥1999","中價位"
"701","￥2000～￥2999","","中價位"
"702"," ～￥999"," ～￥999","平價"
"703","￥3000～￥3999","","中價位"
"704","￥4000～￥4999","","中價位"
"705","￥3000～￥3999"," ～￥999","中價位"
"706","￥1000～￥1999"," ～￥999","平價"
"707","￥2000～￥2999","","中價位"
"708","￥10000～￥14999","￥5000～￥5999","高價位"
"709","￥4000～￥4999","","中價位"
"710","￥3000～￥3999","","中價位"
"711","￥3000～￥3999","","中價位"
"712","￥6000～￥7999","￥2000～￥2999","中價位"
"713","￥3000～￥3999","","中價位"
"714","￥3000～￥3999","","中價位"
"715","￥1000～￥1999","￥1000～￥1999","平價"
"716","￥5000～￥5999","￥2000～￥2999","中價位"
"717","￥3000～￥3999"," ～￥999","中價位"
"718","￥5000～￥5999"," ～￥999","中價位"
"719","￥4000～￥4999"," ～￥999","中價位"
"720","￥3000～￥3999"," ～￥999","中價位"
"721","￥2000～￥2999","","中價位"
"722","￥10000～￥14999","￥5000～￥5999","高價位"
"723","￥3000～￥3999","","中價位"
"724","￥3000～￥3999","","中價位"
"725","￥4000～￥4999","￥1000～￥1999","中價位"
"726","￥2000～￥2999","￥2000～￥2999","中價位"
"727","￥4000～￥4999","","中價位"
"728","￥3000～￥3999","","中價位"
"729","￥1000～￥1999","","平價"
"730","￥10000～￥14999","","頂級"
"731","￥6000～￥7999","￥2000～￥2999","中價位"
"732","￥3000～￥3999","","中價位"
"733"," ～￥999"," ～￥999","平價"
"734","￥2000～￥2999","￥1000～￥1999","平價"
"735","￥2000～￥2999","","中價位"
"736","￥20000～￥29999","￥6000～￥7999","頂級"
"737","￥3000～￥3999","","中價位"
"738","￥5000～￥5999","￥3000～￥3999","中價位"
"739","￥2000～￥2999","","中價位"
"740","￥2000～￥2999"," ～￥999","平價"
"741","￥5000～￥5999","","高價位"
"742","￥4000～￥4999","","中價位"
"743","￥15000～￥19999","￥8000～￥9999","頂級"
"744","￥3000～￥3999","","中價位"
"745","￥2000～￥2999","￥1000～￥1999","平價"
"746","￥4000～￥4999","","中價位"
"747","￥5000～￥5999","","高價位"
"748","￥5000～￥5999","￥1000～￥1999","中價位"
"749","￥3000～￥3999","￥1000～￥1999","中價位"
"750","￥4000～￥4999","￥4000～￥4999","中價位"
"751"," ～￥999"," ～￥999","平價"
"752"," ～￥999"," ～￥999","平價"
"753","￥5000～￥5999","￥2000～￥2999","中價位"
"754","￥4000～￥4999","","中價位"
"755","￥15000～￥19999","￥15000～￥19999","頂級"
"756","￥3000～￥3999"," ～￥999","中價位"
"757","￥3000～￥3999","","中價位"
"758"," ～￥999"," ～￥999","平價"
"759","￥3000～￥3999","","中價位"
"760","￥3000～￥3999","","中價位"
"761","￥3000～￥3999","","中價位"
"762"," ～￥999","","平價"
"763","￥3000～￥3999","","中價位"
"764","￥2000～￥2999","","中價位"
"765","￥1000～￥1999","￥1000～￥1999","平價"
"766","￥4000～￥4999","","中價位"
"767","￥2000～￥2999","￥1000～￥1999","平價"
"768","￥3000～￥3999","￥1000～￥1999","中價位"
"769","￥4000～￥4999","","中價位"
"770","￥3000～￥3999","￥1000～￥1999","中價位"
"771"," ～￥999","","平價"
"772","￥3000～￥3999","","中價位"
"773","￥8000～￥9999","￥3000～￥3999","高價位"
"774","￥4000～￥4999","￥1000～￥1999","中價位"
"775","￥5000～￥5999","","高價位"
"776"," ～￥999"," ～￥999","平價"
"777","￥3000～￥3999","￥1000～￥1999","中價位"
"778","￥1000～￥1999","￥1000～￥1999","平價"
"779","￥2000～￥2999"," ～￥999","平價"
"780","￥4000～￥4999","￥2000～￥2999","中價位"
"781","￥2000～￥2999"," ～￥999","平價"
"782","￥2000～￥2999"," ～￥999","平價"
"783","￥3000～￥3999","","中價位"
"784","￥6000～￥7999","￥3000～￥3999","高價位"
"785","￥2000～￥2999"," ～￥999","平價"
"786","￥3000～￥3999","￥1000～￥1999","中價位"
"787"," ～￥999"," ～￥999","平價"
"788","￥20000～￥29999","￥10000～￥14999","頂級"
"789"," ～￥999"," ～￥999","平價"
"790","￥3000～￥3999","","中價位"
"791","￥2000～￥2999","","中價位"
"792","￥8000～￥9999","￥4000～￥4999","高價位"
"793","￥3000～￥3999","","中價位"
"794"," ～￥999"," ～￥999","平價"
"795","￥3000～￥3999","￥2000～￥2999","中價位"
"796","￥4000～￥4999","","中價位"
"797","￥3000～￥3999","￥2000～￥2999","中價位"
"798","￥2000～￥2999","","中價位"
"799","￥8000～￥9999","￥5000～￥5999","高價位"
"800","￥8000～￥9999","","高價位"
"801","￥4000～￥4999","","中價位"
"802","￥2000～￥2999","￥1000～￥1999","平價"
"803","￥2000～￥2999"," ～￥999","平價"
"804","￥4000～￥4999","￥2000～￥2999","中價位"
"805","￥30000～","￥10000～￥14999","頂級"
"806","￥3000～￥3999","￥1000～￥1999","中價位"
"807","￥3000～￥3999","","中價位"
"808","￥3000～￥3999","","中價位"
"809","￥2000～￥2999","￥2000～￥2999","中價位"
"810","￥5000～￥5999","￥3000～￥3999","中價位"
"811","￥3000～￥3999"," ～￥999","中價位"
"812","￥5000～￥5999","￥1000～￥1999","中價位"
"813","￥5000～￥5999","￥1000～￥1999","中價位"
"814","￥3000～￥3999","￥1000～￥1999","中價位"
"815","￥2000～￥2999"," ～￥999","平價"
"816","￥3000～￥3999"," ～￥999","中價位"
"817","￥10000～￥14999","￥5000～￥5999","高價位"
"818","￥4000～￥4999","￥1000～￥1999","中價位"
"819","￥2000～￥2999"," ～￥999","平價"
"820","￥4000～￥4999","","中價位"
"821","￥1000～￥1999"," ～￥999","平價"
"822","￥8000～￥9999","￥3000～￥3999","高價位"
"823","￥1000～￥1999","￥1000～￥1999","平價"
"824","￥2000～￥2999","","中價位"
"825","￥3000～￥3999","￥1000～￥1999","中價位"
"826","￥4000～￥4999","￥3000～￥3999","中價位"
"827","￥3000～￥3999","","中價位"
"828","￥4000～￥4999","","中價位"
"829","￥3000～￥3999"," ～￥999","中價位"
"830","￥1000～￥1999","￥1000～￥1999","平價"
"831","￥1000～￥1999","","平價"
"832","￥1000～￥1999"," ～￥999","平價"
"833","￥2000～￥2999","￥1000～￥1999","平價"
"834","￥3000～￥3999","￥1000～￥1999","中價位"
"835","￥3000～￥3999","","中價位"
"836","￥2000～￥2999"," ～￥999","平價"
"837","￥4000～￥4999"," ～￥999","中價位"
"838","￥8000～￥9999","￥4000～￥4999","高價位"
"839","￥1000～￥1999","￥1000～￥1999","平價"
"840","￥1000～￥1999","","平價"
"841","￥3000～￥3999","","中價位"
"842","￥3000～￥3999","￥1000～￥1999","中價位"
"843","￥8000～￥9999","￥3000～￥3999","高價位"
"844","￥1000～￥1999","￥1000～￥1999","平價"
"845","￥1000～￥1999"," ～￥999","平價"
"846","￥1000～￥1999"," ～￥999","平價"
"847","￥2000～￥2999","","中價位"
"848"," ～￥999"," ～￥999","平價"
"849","￥1000～￥1999","","平價"
"850","￥3000～￥3999","","中價位"
"851","￥3000～￥3999","","中價位"
"852","￥3000～￥3999","","中價位"
"853","￥6000～￥7999","￥2000～￥2999","中價位"
"854","￥3000～￥3999","","中價位"
"855","￥3000～￥3999","￥2000～￥2999","中價位"
"856","￥4000～￥4999","","中價位"
"857","￥4000～￥4999","","中價位"
"858","￥3000～￥3999","￥3000～￥3999","中價位"
"859","￥3000～￥3999"," ～￥999","中價位"
"860","￥2000～￥2999"," ～￥999","平價"
"861","￥2000～￥2999","￥1000～￥1999","平價"
"862","￥2000～￥2999","","中價位"
"863","￥3000～￥3999","","中價位"
"864","￥1000～￥1999"," ～￥999","平價"
"865","￥3000～￥3999","","中價位"
"866","￥5000～￥5999","","高價位"
"867","￥1000～￥1999","￥1000～￥1999","平價"
"868","￥4000～￥4999","","中價位"
"869","￥5000～￥5999","￥2000～￥2999","中價位"
"870","￥4000～￥4999","￥1000～￥1999","中價位"
"871","￥10000～￥14999","￥4000～￥4999","高價位"
"872","￥3000～￥3999","","中價位"
"873","￥2000～￥2999"," ～￥999","平價"
"874","￥3000～￥3999","￥2000～￥2999","中價位"
"875","￥10000～￥14999","","頂級"
"876","￥3000～￥3999"," ～￥999","中價位"
"877","￥2000～￥2999","￥1000～￥1999","平價"
"878"," ～￥999"," ～￥999","平價"
"879","￥8000～￥9999","￥5000～￥5999","高價位"
"880","￥3000～￥3999","￥1000～￥1999","中價位"
"881","￥3000～￥3999","","中價位"
"882","￥5000～￥5999","￥1000～￥1999","中價位"
"883","￥8000～￥9999","￥3000～￥3999","高價位"
"884","￥2000～￥2999","￥1000～￥1999","平價"
"885","￥10000～￥14999","￥6000～￥7999","高價位"
"886","￥1000～￥1999","￥1000～￥1999","平價"
"887","￥3000～￥3999"," ～￥999","中價位"
"888","￥3000～￥3999","","中價位"
"889"," ～￥999"," ～￥999","平價"
"890","￥3000～￥3999","","中價位"
"891","￥2000～￥2999"," ～￥999","平價"
"892","￥3000～￥3999"," ～￥999","中價位"
"893","￥3000～￥3999","","中價位"
"894","￥6000～￥7999","￥2000～￥2999","中價位"
"895","￥8000～￥9999","￥2000～￥2999","高價位"
"896","～￥999","～￥999","平價"
"897","￥3000～￥3999","￥1000～￥1999","中價位"
"898","￥1000～￥1999","～￥999","平價"
"899","￥1000～￥1999","～￥999","平價"
"900","￥5000～￥9999","￥3000～￥3999","高價位"
"901","￥2000～￥2999","","中價位"
"902","￥1000～￥1999","￥1000～￥1999","平價"
"903","～￥999","～￥999","平價"
"904","￥10000+","￥5000～￥9999","高價位"
"905","￥1000～￥1999","～￥999","平價"
"906","～￥999","～￥999","平價"
"907","￥3000～￥3999","￥2000～￥2999","中價位"
"908","￥1000～￥1999","￥1000～￥1999","平價"
"909","￥5000～￥9999","","高價位"
"910","￥1000～￥1999","～￥999","平價"
"911","￥3000～￥3999","","中價位"
"912","￥1000～￥1999","～￥999","平價"
"913","￥2000～￥2999","","中價位"
"914","￥5000～￥9999","￥3000～￥3999","高價位"
"915","￥2000～￥2999","","中價位"
"916","～￥999","～￥999","平價"
"917","～￥999","～￥999","平價"
"918","￥5000～￥9999","￥3000～￥3999","高價位"
"919","￥3000～￥3999","￥2000～￥2999","中價位"
"920","￥2000～￥2999","","中價位"
"921","￥5000～￥9999","","高價位"
"922","￥1000～￥1999","～￥999","平價"
"923","￥2000～￥2999","","中價位"
"924","￥1000～￥1999","～￥999","平價"
"925","￥3000～￥3999","￥2000～￥2999","中價位"
"926","～￥999","～￥999","平價"
"927","￥5000～￥9999","","高價位"
"928","￥1000～￥1999","～￥999","平價"
"929","～￥999","～￥999","平價"
"930","￥10000+","￥5000～￥9999","高價位"
"931","￥1000～￥1999","～￥999","平價"
"932","￥2000～￥2999","","中價位"
"933","～￥999","～￥999","平價"
"934","￥1000～￥1999","～￥999","平價"
"935","￥3000～￥3999","￥2000～￥2999","中價位"
"936","￥4000～￥4999","￥2000～￥2999","中價位"
"937","￥3000～￥3999","￥1000～￥1999","中價位"
"938","￥1000～￥1999","～￥999","平價"
"939","￥2000～￥2999","","中價位"
"940","￥1000～￥1999","～￥999","平價"
"941","￥5000～￥9999","￥3000～￥3999","高價位"
"942","～￥999","～￥999","平價"
"943","￥5000～￥9999","","高價位"
"944","￥1000～￥1999","～￥999","平價"
"945","￥1000～￥1999","～￥999","平價"
"946","～￥999","～￥999","平價"
"947","￥3000～￥3999","￥1000～￥1999","中價位"
"948","￥1000～￥1999","～￥999","平價"
"949","￥1000～￥1999","～￥999","平價"
"950","￥5000～￥9999","￥3000～￥3999","高價位"
"951","￥2000～￥2999","","中價位"
"952","￥1000～￥1999","￥1000～￥1999","平價"
"953","～￥999","～￥999","平價"
"954","￥10000+","￥5000～￥9999","高價位"
"955","￥1000～￥1999","～￥999","平價"
"956","～￥999","～￥999","平價"
"957","￥3000～￥3999","￥2000～￥2999","中價位"
"958","￥1000～￥1999","￥1000～￥1999","平價"
"959","￥5000～￥9999","","高價位"
"960","￥1000～￥1999","～￥999","平價"
"961","￥3000～￥3999","","中價位"
"962","￥1000～￥1999","～￥999","平價"
"963","￥2000～￥2999","","中價位"
"964","￥5000～￥9999","￥3000～￥3999","高價位"
"965","￥2000～￥2999","","中價位"
"966","～￥999","～￥999","平價"
"967","～￥999","～￥999","平價"
"968","￥5000～￥9999","￥3000～￥3999","高價位"
"969","￥3000～￥3999","￥2000～￥2999","中價位"
"970","￥2000～￥2999","","中價位"
"971","￥5000～￥9999","","高價位"
"972","￥1000～￥1999","～￥999","平價"
"973","￥2000～￥2999","","中價位"
"974","￥1000～￥1999","～￥999","平價"
"975","￥3000～￥3999","￥2000～￥2999","中價位"
"976","～￥999","～￥999","平價"
"977","￥5000～￥9999","","高價位"
"978","￥1000～￥1999","～￥999","平價"
"979","～￥999","～￥999","平價"
"980","￥10000+","￥5000～￥9999","高價位"
"981","￥1000～￥1999","～￥999","平價"
"982","￥2000～￥2999","","中價位"
"983","～￥999","～￥999","平價"
"984","￥1000～￥1999","～￥999","平價"
"985","￥3000～￥3999","￥2000～￥2999","中價位"
"986","￥4000～￥4999","￥2000～￥2999","中價位"
"987","￥3000～￥3999","￥1000～￥1999","中價位"
"988","￥1000～￥1999","～￥999","平價"
"989","￥2000～￥2999","","中價位"
"990","￥1000～￥1999","～￥999","平價"
"991","￥5000～￥9999","￥3000～￥3999","高價位"
"992","～￥999","～￥999","平價"
"993","￥5000～￥9999","","高價位"
"994","￥1000～￥1999","～￥999","平價"
"995","￥1000～￥1999","～￥999","平價"
